Borough,Major Category,Minor Category,2008,2009,2010,2011,2012,2013,2014,2015,2016,2017,2018
Barking and Dagenham,Burglary,Burglary in a Dwelling,1170,1803,1584,1625,1795,1669,1368,1184,840,1229,1284
Barking and Dagenham,Burglary,Burglary in Other Buildings,649,690,622,739,665,574,541,448,453,673,629
Barking and Dagenham,Criminal Damage,Criminal Damage To Dwelling,803,722,661,606,488,474,398,408,453,424,321
Barking and Dagenham,Criminal Damage,Criminal Damage To Motor Vehicle,1439,1278,1037,881,686,669,753,842,839,762,630
Barking and Dagenham,Criminal Damage,Criminal Damage To Other Building,196,190,185,180,141,137,144,149,166,111,87
Barking and Dagenham,Criminal Damage,Other Criminal Damage,599,657,595,525,404,364,382,439,507,486,490
Barking and Dagenham,Drugs,Drug Trafficking,65,85,107,82,76,69,89,51,68,61,62
Barking and Dagenham,Drugs,Other Drugs,2,1,7,3,0,6,3,2,3,0,1
Barking and Dagenham,Drugs,Possession Of Drugs,1474,976,1076,911,989,1203,972,1139,1061,723,849
Barking and Dagenham,Fraud or Forgery,Counted per Victim,859,792,936,833,508,50,0,0,0,0,0
Barking and Dagenham,Fraud or Forgery,Other Fraud & Forgery,381,439,332,306,289,40,36,23,17,26,23
Barking and Dagenham,Other Notifiable Offences,Going Equipped,13,15,11,9,7,11,8,6,11,8,4
Barking and Dagenham,Other Notifiable Offences,Other Notifiable,256,339,318,347,260,281,325,336,383,375,374
Barking and Dagenham,Robbery,Business Property,72,77,83,81,71,36,36,46,49,48,57
Barking and Dagenham,Robbery,Personal Property,599,774,802,973,696,503,463,527,503,830,768
Barking and Dagenham,Sexual Offences,Other Sexual,160,178,177,178,155,163,227,265,272,276,299
Barking and Dagenham,Sexual Offences,Rape,52,71,81,89,111,126,137,176,194,208,211
Barking and Dagenham,Theft and Handling,Handling Stolen Goods,49,51,49,32,43,60,72,44,25,30,24
Barking and Dagenham,Theft and Handling,Motor Vehicle Interference & Tampering,142,96,92,98,126,147,171,191,278,0,0
Barking and Dagenham,Theft and Handling,Other Theft,1689,1621,1867,1942,2289,1996,1969,1925,1961,2020,1795
Barking and Dagenham,Theft and Handling,Other Theft Person,287,363,358,385,439,390,326,299,350,421,458
Barking and Dagenham,Theft and Handling,Theft From Motor Vehicle,1678,1635,1741,1593,1582,1791,1093,949,1052,1276,1085
Barking and Dagenham,Theft and Handling,Theft From Shops,654,750,798,709,651,740,744,834,929,924,790
Barking and Dagenham,Theft and Handling,Theft/Taking Of Motor Vehicle,999,967,1035,1224,800,815,736,730,919,1183,1268
Barking and Dagenham,Theft and Handling,Theft/Taking of Pedal Cycle,180,253,264,285,316,265,226,238,185,247,203
Barking and Dagenham,Violence Against the Person,Assault with Injury,1887,1983,1826,1666,1438,1166,1371,1391,1376,1506,1423
Barking and Dagenham,Violence Against the Person,Common Assault,1200,1282,1240,1091,967,1024,1355,1553,1653,1780,1677
Barking and Dagenham,Violence Against the Person,Grievous Bodily Harm,142,304,116,0,0,0,0,0,0,0,0
Barking and Dagenham,Violence Against the Person,Harassment,1445,1370,1174,842,988,1049,1364,1788,1900,1909,2122
Barking and Dagenham,Violence Against the Person,Murder,1,3,3,1,0,3,4,3,5,2,6
Barking and Dagenham,Violence Against the Person,Offensive Weapon,172,145,118,93,73,68,55,82,132,142,179
Barking and Dagenham,Violence Against the Person,Other violence,188,230,209,203,139,227,271,401,369,372,441
Barking and Dagenham,Violence Against the Person,Wounding/GBH,150,0,70,198,172,419,589,711,737,622,637
Barnet,Burglary,Burglary in a Dwelling,2604,2943,3099,3505,3486,2960,2578,2695,2374,2786,2912
Barnet,Burglary,Burglary in Other Buildings,1213,1181,1247,1419,1362,1314,1041,1160,1036,1252,1520
Barnet,Criminal Damage,Criminal Damage To Dwelling,644,612,603,568,443,433,411,407,454,433,393
Barnet,Criminal Damage,Criminal Damage To Motor Vehicle,1471,1170,1204,1079,900,812,960,1030,983,936,826
Barnet,Criminal Damage,Criminal Damage To Other Building,321,262,264,254,233,210,191,241,186,181,161
Barnet,Criminal Damage,Other Criminal Damage,612,655,697,579,426,421,537,589,589,587,625
Barnet,Drugs,Drug Trafficking,85,107,84,109,86,118,85,81,117,135,96
Barnet,Drugs,Other Drugs,6,1,5,2,6,9,6,3,7,8,6
Barnet,Drugs,Possession Of Drugs,1275,1418,1119,1151,865,920,943,736,785,652,589
Barnet,Fraud or Forgery,Counted per Victim,971,932,1057,1107,925,107,0,0,0,0,0
Barnet,Fraud or Forgery,Other Fraud & Forgery,408,521,472,472,656,125,35,55,38,48,51
Barnet,Other Notifiable Offences,Going Equipped,22,27,22,28,11,27,12,13,20,8,16
Barnet,Other Notifiable Offences,Other Notifiable,297,286,259,270,275,278,351,380,499,472,522
Barnet,Robbery,Business Property,83,116,78,85,79,74,40,58,37,45,68
Barnet,Robbery,Personal Property,741,834,873,1085,1076,726,522,564,431,601,687
Barnet,Sexual Offences,Other Sexual,195,235,189,222,217,235,259,282,344,409,358
Barnet,Sexual Offences,Rape,44,80,102,90,85,115,146,162,199,236,274
Barnet,Theft and Handling,Handling Stolen Goods,81,83,52,60,57,67,51,47,38,35,39
Barnet,Theft and Handling,Motor Vehicle Interference & Tampering,188,192,212,227,236,279,467,535,575,0,0
Barnet,Theft and Handling,Other Theft,2838,2858,2999,3174,4166,3704,3598,3433,3703,4087,3862
Barnet,Theft and Handling,Other Theft Person,770,987,869,710,717,743,571,661,679,733,754
Barnet,Theft and Handling,Theft From Motor Vehicle,3555,3004,3063,3501,3115,3037,2253,2394,2290,2429,3035
Barnet,Theft and Handling,Theft From Shops,1569,1521,1490,1301,1282,1171,1249,1203,1629,1638,1561
Barnet,Theft and Handling,Theft/Taking Of Motor Vehicle,1078,831,819,921,713,770,717,666,819,1041,1534
Barnet,Theft and Handling,Theft/Taking of Pedal Cycle,164,274,249,230,270,224,196,280,234,254,175
Barnet,Violence Against the Person,Assault with Injury,1591,1589,1468,1375,1312,1074,1413,1494,1509,1626,1551
Barnet,Violence Against the Person,Common Assault,1464,1482,1405,1300,1066,1164,1547,1891,1945,2138,2188
Barnet,Violence Against the Person,Grievous Bodily Harm,105,225,94,0,0,0,0,0,0,0,0
Barnet,Violence Against the Person,Harassment,1466,1389,1248,1202,1279,1394,1934,2546,2994,3017,3285
Barnet,Violence Against the Person,Murder,4,1,7,4,0,3,5,2,4,5,4
Barnet,Violence Against the Person,Offensive Weapon,142,126,102,83,58,85,89,90,121,171,160
Barnet,Violence Against the Person,Other violence,207,166,184,127,122,195,242,271,394,369,351
Barnet,Violence Against the Person,Wounding/GBH,116,0,56,153,138,420,586,654,664,667,645
Bexley,Burglary,Burglary in a Dwelling,1445,1352,1222,904,1040,1140,927,678,711,1043,1378
Bexley,Burglary,Burglary in Other Buildings,856,720,718,592,657,653,617,406,415,573,589
Bexley,Criminal Damage,Criminal Damage To Dwelling,669,591,480,388,342,315,310,296,321,359,332
Bexley,Criminal Damage,Criminal Damage To Motor Vehicle,1448,1288,997,782,754,691,704,764,825,786,685
Bexley,Criminal Damage,Criminal Damage To Other Building,268,216,171,133,133,120,119,115,139,129,124
Bexley,Criminal Damage,Other Criminal Damage,582,697,599,438,367,315,337,403,408,506,444
Bexley,Drugs,Drug Trafficking,78,52,66,112,83,90,61,107,65,35,28
Bexley,Drugs,Other Drugs,2,5,5,9,1,4,2,4,5,4,2
Bexley,Drugs,Possession Of Drugs,977,800,935,838,744,761,727,585,607,472,563
Bexley,Fraud or Forgery,Counted per Victim,480,514,421,486,256,74,0,0,0,0,0
Bexley,Fraud or Forgery,Other Fraud & Forgery,148,175,142,168,170,27,9,9,10,15,11
Bexley,Other Notifiable Offences,Going Equipped,6,10,10,7,10,9,6,12,16,10,11
Bexley,Other Notifiable Offences,Other Notifiable,148,176,161,159,194,217,243,379,304,374,379
Bexley,Robbery,Business Property,40,52,64,44,30,43,27,18,24,39,55
Bexley,Robbery,Personal Property,327,274,200,318,206,234,182,157,194,254,268
Bexley,Sexual Offences,Other Sexual,126,137,140,137,140,133,180,200,244,275,232
Bexley,Sexual Offences,Rape,24,36,31,34,40,74,91,91,140,137,156
Bexley,Theft and Handling,Handling Stolen Goods,52,39,26,20,25,42,16,23,27,16,18
Bexley,Theft and Handling,Motor Vehicle Interference & Tampering,129,174,83,85,93,123,190,256,266,0,0
Bexley,Theft and Handling,Other Theft,1435,1321,1480,1384,1652,1448,1417,1401,1495,1541,1492
Bexley,Theft and Handling,Other Theft Person,220,166,190,158,172,160,130,142,181,201,185
Bexley,Theft and Handling,Theft From Motor Vehicle,1692,1383,1256,1030,1198,1095,1057,916,923,1004,1299
Bexley,Theft and Handling,Theft From Shops,849,895,736,691,667,784,796,760,819,1097,1009
Bexley,Theft and Handling,Theft/Taking Of Motor Vehicle,806,804,699,511,485,495,554,563,573,768,776
Bexley,Theft and Handling,Theft/Taking of Pedal Cycle,164,133,124,113,123,118,122,96,151,152,116
Bexley,Violence Against the Person,Assault with Injury,1371,1328,1124,1008,1019,771,847,921,1070,1166,1126
Bexley,Violence Against the Person,Common Assault,873,886,853,720,672,697,901,1048,1136,1295,1330
Bexley,Violence Against the Person,Grievous Bodily Harm,63,161,67,0,0,0,0,0,0,0,0
Bexley,Violence Against the Person,Harassment,751,1113,1007,772,819,797,1026,1372,1580,1782,1903
Bexley,Violence Against the Person,Murder,5,2,0,5,1,0,1,2,5,0,0
Bexley,Violence Against the Person,Offensive Weapon,145,104,84,68,54,49,44,59,73,103,89
Bexley,Violence Against the Person,Other violence,137,174,108,109,107,175,151,187,229,215,267
Bexley,Violence Against the Person,Wounding/GBH,72,0,40,102,111,260,410,376,464,471,461
Brent,Burglary,Burglary in a Dwelling,2428,2762,2605,2887,2962,2367,2010,2037,1846,2333,2497
Brent,Burglary,Burglary in Other Buildings,941,928,996,891,973,725,629,671,795,1026,1223
Brent,Criminal Damage,Criminal Damage To Dwelling,636,705,681,576,466,510,514,429,516,520,490
Brent,Criminal Damage,Criminal Damage To Motor Vehicle,1218,1155,1061,1012,899,806,786,868,890,864,751
Brent,Criminal Damage,Criminal Damage To Other Building,243,270,276,255,245,209,253,215,243,200,218
Brent,Criminal Damage,Other Criminal Damage,554,696,547,567,555,491,585,606,649,687,731
Brent,Drugs,Drug Trafficking,178,288,133,230,139,177,124,95,148,145,137
Brent,Drugs,Other Drugs,15,17,32,33,35,29,23,21,20,23,27
Brent,Drugs,Possession Of Drugs,3059,2654,3266,4365,3481,3306,2880,1770,1990,1553,1612
Brent,Fraud or Forgery,Counted per Victim,936,1029,1045,800,864,76,0,0,0,0,0
Brent,Fraud or Forgery,Other Fraud & Forgery,375,413,470,469,545,76,26,32,36,58,47
Brent,Other Notifiable Offences,Going Equipped,8,18,20,37,24,20,14,23,29,20,16
Brent,Other Notifiable Offences,Other Notifiable,296,321,436,426,440,421,471,405,547,561,622
Brent,Robbery,Business Property,99,146,115,110,88,63,43,64,56,97,114
Brent,Robbery,Personal Property,1641,1688,1842,2114,1605,1112,845,839,882,1124,1347
Brent,Sexual Offences,Other Sexual,214,201,203,256,264,229,296,325,374,442,449
Brent,Sexual Offences,Rape,87,112,103,115,118,130,176,189,203,247,244
Brent,Theft and Handling,Handling Stolen Goods,77,47,44,78,73,65,52,45,37,44,23
Brent,Theft and Handling,Motor Vehicle Interference & Tampering,62,87,147,146,161,143,212,423,416,0,0
Brent,Theft and Handling,Other Theft,2375,2529,2575,2952,3156,2798,2942,2976,3206,3442,3400
Brent,Theft and Handling,Other Theft Person,1125,1324,1009,972,982,911,724,721,719,889,949
Brent,Theft and Handling,Theft From Motor Vehicle,2423,2338,2457,2463,2236,2070,1561,1807,1854,2316,2133
Brent,Theft and Handling,Theft From Shops,676,911,995,975,875,876,1181,1319,1491,1435,1361
Brent,Theft and Handling,Theft/Taking Of Motor Vehicle,800,767,874,798,573,559,650,784,900,1298,1479
Brent,Theft and Handling,Theft/Taking of Pedal Cycle,260,413,362,361,353,414,446,415,444,430,340
Brent,Violence Against the Person,Assault with Injury,2180,2445,2279,2189,2058,1539,1789,1828,2015,2163,2035
Brent,Violence Against the Person,Common Assault,1460,1766,1780,1829,1649,1537,2247,2662,2930,3218,3275
Brent,Violence Against the Person,Grievous Bodily Harm,223,522,260,0,0,0,0,0,0,0,0
Brent,Violence Against the Person,Harassment,1711,1876,2137,2295,2018,1805,2172,2499,2688,2749,3285
Brent,Violence Against the Person,Murder,9,5,6,4,5,3,5,9,6,6,3
Brent,Violence Against the Person,Offensive Weapon,235,146,192,228,131,153,153,176,221,259,255
Brent,Violence Against the Person,Other violence,205,268,249,335,305,381,428,435,458,491,546
Brent,Violence Against the Person,Wounding/GBH,187,0,152,438,333,683,974,940,1021,1120,1107
Bromley,Burglary,Burglary in a Dwelling,1968,2202,1923,1974,2152,2035,1833,1552,1438,2062,2189
Bromley,Burglary,Burglary in Other Buildings,1592,1559,1110,1201,1304,1101,861,965,777,1072,973
Bromley,Criminal Damage,Criminal Damage To Dwelling,944,847,673,544,522,470,511,536,448,497,453
Bromley,Criminal Damage,Criminal Damage To Motor Vehicle,2118,1630,1253,1231,968,838,916,899,886,866,785
Bromley,Criminal Damage,Criminal Damage To Other Building,490,391,268,258,236,191,235,209,193,189,186
Bromley,Criminal Damage,Other Criminal Damage,830,703,621,645,544,511,620,641,678,736,787
Bromley,Drugs,Drug Trafficking,123,78,85,150,97,82,67,67,53,81,38
Bromley,Drugs,Other Drugs,2,3,7,3,7,6,3,5,5,6,3
Bromley,Drugs,Possession Of Drugs,1045,1118,1059,940,935,981,938,808,674,544,662
Bromley,Fraud or Forgery,Counted per Victim,1131,1068,1250,1173,394,43,0,0,0,0,0
Bromley,Fraud or Forgery,Other Fraud & Forgery,226,255,237,238,238,35,17,19,35,39,22
Bromley,Other Notifiable Offences,Going Equipped,22,23,13,23,19,12,9,15,14,17,10
Bromley,Other Notifiable Offences,Other Notifiable,213,270,276,190,227,268,327,391,407,389,395
Bromley,Robbery,Business Property,117,79,75,66,63,70,55,43,38,64,69
Bromley,Robbery,Personal Property,715,519,539,672,542,508,338,319,330,565,384
Bromley,Sexual Offences,Other Sexual,189,219,191,187,169,186,241,276,319,335,378
Bromley,Sexual Offences,Rape,27,61,57,70,59,111,119,128,155,183,204
Bromley,Theft and Handling,Handling Stolen Goods,54,71,61,49,62,40,49,28,25,28,18
Bromley,Theft and Handling,Motor Vehicle Interference & Tampering,292,298,188,154,166,199,243,333,342,0,0
Bromley,Theft and Handling,Other Theft,2579,2245,2399,2739,3189,2862,2788,2841,2691,2759,2633
Bromley,Theft and Handling,Other Theft Person,443,386,325,322,366,365,303,275,352,297,308
Bromley,Theft and Handling,Theft From Motor Vehicle,2882,2391,2148,2132,1937,1963,1671,1462,1440,1864,2029
Bromley,Theft and Handling,Theft From Shops,1595,1493,1443,1459,1233,1532,1750,1688,1850,1722,2074
Bromley,Theft and Handling,Theft/Taking Of Motor Vehicle,1105,861,753,766,764,647,572,797,709,883,900
Bromley,Theft and Handling,Theft/Taking of Pedal Cycle,226,263,209,280,253,178,167,170,207,227,215
Bromley,Violence Against the Person,Assault with Injury,1941,1932,1752,1656,1383,1278,1375,1422,1468,1542,1524
Bromley,Violence Against the Person,Common Assault,1213,1254,1109,988,1033,1022,1423,1687,1647,1878,1915
Bromley,Violence Against the Person,Grievous Bodily Harm,124,290,118,0,0,0,0,0,0,0,0
Bromley,Violence Against the Person,Harassment,1740,1770,1510,1507,1376,1307,1890,2622,2555,2713,2937
Bromley,Violence Against the Person,Murder,0,4,0,3,1,1,1,0,0,1,4
Bromley,Violence Against the Person,Offensive Weapon,172,136,112,113,85,84,75,86,85,211,184
Bromley,Violence Against the Person,Other violence,183,136,166,145,177,176,204,215,257,292,317
Bromley,Violence Against the Person,Wounding/GBH,162,0,103,262,154,386,584,601,656,724,612
Camden,Burglary,Burglary in a Dwelling,2006,1764,1566,1848,1533,1506,1518,1528,1432,1646,1905
Camden,Burglary,Burglary in Other Buildings,1599,1566,1655,1582,1407,1594,1413,1311,1221,1886,1958
Camden,Criminal Damage,Criminal Damage To Dwelling,754,714,566,515,436,350,370,356,379,375,371
Camden,Criminal Damage,Criminal Damage To Motor Vehicle,1009,968,792,810,689,564,652,669,622,659,530
Camden,Criminal Damage,Criminal Damage To Other Building,361,364,403,343,300,281,278,344,320,281,260
Camden,Criminal Damage,Other Criminal Damage,557,569,520,464,467,372,396,535,616,564,555
Camden,Drugs,Drug Trafficking,293,274,201,244,165,133,123,97,111,95,91
Camden,Drugs,Other Drugs,57,21,30,13,28,23,17,13,19,15,14
Camden,Drugs,Possession Of Drugs,4010,3258,2392,2393,2088,2039,1802,1554,1372,1217,1153
Camden,Fraud or Forgery,Counted per Victim,518,497,643,678,826,79,0,0,0,0,0
Camden,Fraud or Forgery,Other Fraud & Forgery,384,370,415,480,579,86,53,30,39,57,38
Camden,Other Notifiable Offences,Going Equipped,19,34,31,28,26,28,19,16,19,16,13
Camden,Other Notifiable Offences,Other Notifiable,471,400,358,335,450,400,469,432,509,409,451
Camden,Robbery,Business Property,73,92,95,65,56,74,77,78,65,126,111
Camden,Robbery,Personal Property,895,962,1084,1440,1078,823,805,964,848,1901,1619
Camden,Sexual Offences,Other Sexual,175,220,222,257,250,234,281,392,392,436,419
Camden,Sexual Offences,Rape,40,53,116,117,93,103,157,189,226,316,304
Camden,Theft and Handling,Handling Stolen Goods,124,114,87,99,90,57,51,46,60,48,42
Camden,Theft and Handling,Motor Vehicle Interference & Tampering,41,183,176,204,159,159,293,360,383,0,0
Camden,Theft and Handling,Other Theft,7334,7425,8147,8645,8368,7220,6073,6205,5781,5973,6779
Camden,Theft and Handling,Other Theft Person,1402,2185,2480,4019,4309,3770,2471,3178,2837,7517,4551
Camden,Theft and Handling,Theft From Motor Vehicle,2903,2312,2236,2518,2121,1905,1726,1509,1604,1920,2078
Camden,Theft and Handling,Theft From Shops,972,1269,1330,1407,1257,1107,1204,1462,1684,1793,1661
Camden,Theft and Handling,Theft/Taking Of Motor Vehicle,795,771,656,682,574,695,805,785,859,1038,658
Camden,Theft and Handling,Theft/Taking of Pedal Cycle,1238,1869,1568,1413,1152,1104,1153,1077,1083,1191,1345
Camden,Violence Against the Person,Assault with Injury,1732,1755,2009,1955,1678,1190,1301,1468,1600,1620,1714
Camden,Violence Against the Person,Common Assault,1353,1295,1453,1490,1336,1195,1655,2140,2325,2536,2545
Camden,Violence Against the Person,Grievous Bodily Harm,157,293,171,0,0,0,0,0,0,0,0
Camden,Violence Against the Person,Harassment,2208,2034,1917,1616,1617,1326,1805,2423,2635,2891,3035
Camden,Violence Against the Person,Murder,2,2,2,2,6,1,2,1,6,1,4
Camden,Violence Against the Person,Offensive Weapon,191,125,144,107,114,120,83,97,139,211,188
Camden,Violence Against the Person,Other violence,268,209,161,202,191,235,214,230,262,300,289
Camden,Violence Against the Person,Wounding/GBH,168,0,103,250,229,530,673,856,726,906,870
Croydon,Burglary,Burglary in a Dwelling,2296,2835,2831,2959,2798,2759,2068,1825,1853,2053,2246
Croydon,Burglary,Burglary in Other Buildings,1481,1432,1435,1693,1256,1219,1079,915,900,1105,1123
Croydon,Criminal Damage,Criminal Damage To Dwelling,1281,1148,1109,946,798,699,661,744,751,764,652
Croydon,Criminal Damage,Criminal Damage To Motor Vehicle,2072,1967,1836,1470,1341,1215,1198,1243,1323,1236,998
Croydon,Criminal Damage,Criminal Damage To Other Building,481,415,411,364,323,305,318,317,336,271,187
Croydon,Criminal Damage,Other Criminal Damage,792,798,748,733,665,620,676,842,848,892,836
Croydon,Drugs,Drug Trafficking,122,130,147,149,224,134,167,117,99,125,95
Croydon,Drugs,Other Drugs,10,9,8,12,19,21,10,8,7,11,13
Croydon,Drugs,Possession Of Drugs,2834,2527,2209,2209,2181,1991,1737,1477,1284,1566,1553
Croydon,Fraud or Forgery,Counted per Victim,1479,1439,1503,989,709,55,0,0,0,0,0
Croydon,Fraud or Forgery,Other Fraud & Forgery,358,379,347,429,521,68,30,39,41,49,31
Croydon,Other Notifiable Offences,Going Equipped,19,11,16,21,20,19,16,18,21,15,10
Croydon,Other Notifiable Offences,Other Notifiable,384,425,431,420,478,393,509,616,756,672,683
Croydon,Robbery,Business Property,214,214,197,195,170,132,103,94,80,86,92
Croydon,Robbery,Personal Property,1235,1389,1407,1632,1823,1599,896,648,1082,1103,1009
Croydon,Sexual Offences,Other Sexual,248,268,316,289,289,307,353,429,492,495,521
Croydon,Sexual Offences,Rape,150,168,160,200,196,210,299,303,336,396,444
Croydon,Theft and Handling,Handling Stolen Goods,75,65,61,128,49,74,51,47,50,68,50
Croydon,Theft and Handling,Motor Vehicle Interference & Tampering,201,212,186,145,228,182,235,372,388,0,0
Croydon,Theft and Handling,Other Theft,3333,3132,3669,3959,4909,4013,3912,3642,3342,3246,3546
Croydon,Theft and Handling,Other Theft Person,630,727,683,814,846,881,525,509,613,494,554
Croydon,Theft and Handling,Theft From Motor Vehicle,2788,3051,3001,2717,2933,2711,2139,2005,1848,2055,2526
Croydon,Theft and Handling,Theft From Shops,1517,1631,1719,1695,1694,1486,1999,1941,1865,1651,1399
Croydon,Theft and Handling,Theft/Taking Of Motor Vehicle,1278,1223,1170,1084,973,734,785,907,1096,1082,1143
Croydon,Theft and Handling,Theft/Taking of Pedal Cycle,234,416,324,419,300,342,237,229,273,333,252
Croydon,Violence Against the Person,Assault with Injury,2758,2781,2448,2419,2361,1969,2243,2348,2496,2369,2349
Croydon,Violence Against the Person,Common Assault,1814,1848,1852,1872,1718,1573,2274,2860,2926,2996,3005
Croydon,Violence Against the Person,Grievous Bodily Harm,152,318,193,0,0,0,0,0,0,0,0
Croydon,Violence Against the Person,Harassment,1482,1572,1493,1584,1722,1537,2329,3164,3375,3436,3664
Croydon,Violence Against the Person,Murder,5,6,6,6,6,4,4,0,9,8,2
Croydon,Violence Against the Person,Offensive Weapon,311,235,237,204,190,170,195,193,233,385,345
Croydon,Violence Against the Person,Other violence,273,353,261,293,323,322,350,418,465,488,564
Croydon,Violence Against the Person,Wounding/GBH,189,0,121,323,353,707,949,1062,1011,1138,1063
Ealing,Burglary,Burglary in a Dwelling,2861,2918,2658,2776,2864,2442,2078,1920,1637,1907,2015
Ealing,Burglary,Burglary in Other Buildings,1088,1035,1113,1091,1100,1142,835,709,848,1132,1004
Ealing,Criminal Damage,Criminal Damage To Dwelling,820,855,752,732,606,507,502,490,545,439,456
Ealing,Criminal Damage,Criminal Damage To Motor Vehicle,1766,1670,1771,1432,1227,1090,1027,1141,1084,1010,924
Ealing,Criminal Damage,Criminal Damage To Other Building,289,304,289,318,231,202,285,259,258,240,169
Ealing,Criminal Damage,Other Criminal Damage,652,732,781,720,575,462,534,579,682,653,650
Ealing,Drugs,Drug Trafficking,166,222,192,163,190,265,159,139,111,163,78
Ealing,Drugs,Other Drugs,20,12,10,12,17,12,13,11,27,18,14
Ealing,Drugs,Possession Of Drugs,3176,2338,2454,2111,2028,1651,1472,1298,1255,1212,1042
Ealing,Fraud or Forgery,Counted per Victim,1660,1876,1913,1712,735,90,0,0,0,0,0
Ealing,Fraud or Forgery,Other Fraud & Forgery,399,581,595,499,534,72,58,56,57,61,46
Ealing,Other Notifiable Offences,Going Equipped,30,9,31,25,21,16,17,17,28,35,19
Ealing,Other Notifiable Offences,Other Notifiable,412,410,512,529,467,419,460,538,597,630,667
Ealing,Robbery,Business Property,100,97,95,98,94,74,64,54,65,78,53
Ealing,Robbery,Personal Property,1333,1200,1583,1398,1210,863,582,590,612,772,805
Ealing,Sexual Offences,Other Sexual,253,267,254,305,275,330,354,374,364,386,431
Ealing,Sexual Offences,Rape,56,74,106,116,108,133,137,195,186,237,266
Ealing,Theft and Handling,Handling Stolen Goods,77,56,64,87,62,46,48,52,74,47,30
Ealing,Theft and Handling,Motor Vehicle Interference & Tampering,99,119,151,256,228,188,352,433,377,0,0
Ealing,Theft and Handling,Other Theft,2856,2710,3117,3216,4078,3587,3373,3423,3506,3298,3384
Ealing,Theft and Handling,Other Theft Person,917,991,1077,1063,1002,951,541,589,606,582,673
Ealing,Theft and Handling,Theft From Motor Vehicle,3498,3990,4227,3740,3206,3050,2600,2240,2188,2192,2517
Ealing,Theft and Handling,Theft From Shops,1147,1328,1453,1554,1383,1454,1542,1648,1899,1687,1269
Ealing,Theft and Handling,Theft/Taking Of Motor Vehicle,1057,981,1177,923,903,642,693,738,843,1094,1227
Ealing,Theft and Handling,Theft/Taking of Pedal Cycle,535,671,693,712,856,681,527,497,591,659,554
Ealing,Violence Against the Person,Assault with Injury,2260,2156,2428,2224,2301,1673,1736,1804,1980,1988,1988
Ealing,Violence Against the Person,Common Assault,1713,1871,2166,2183,1869,1566,2139,2689,2918,2936,2936
Ealing,Violence Against the Person,Grievous Bodily Harm,218,504,248,0,0,0,0,0,0,0,0
Ealing,Violence Against the Person,Harassment,2529,2622,2976,2063,2114,2087,2284,2991,3079,3239,3430
Ealing,Violence Against the Person,Murder,5,3,6,5,5,9,5,5,4,7,2
Ealing,Violence Against the Person,Offensive Weapon,200,174,139,146,101,107,123,143,163,231,193
Ealing,Violence Against the Person,Other violence,515,434,385,354,314,320,302,419,450,398,426
Ealing,Violence Against the Person,Wounding/GBH,191,0,115,316,274,602,870,971,908,986,968
Enfield,Burglary,Burglary in a Dwelling,2990,2924,2452,2810,2669,2447,2181,2101,1949,2058,2446
Enfield,Burglary,Burglary in Other Buildings,1014,1077,971,907,1059,1021,879,720,598,1085,1348
Enfield,Criminal Damage,Criminal Damage To Dwelling,919,887,833,767,584,492,496,453,482,501,441
Enfield,Criminal Damage,Criminal Damage To Motor Vehicle,1833,1593,1344,1184,916,893,897,897,902,930,923
Enfield,Criminal Damage,Criminal Damage To Other Building,275,308,283,268,166,158,164,159,177,188,141
Enfield,Criminal Damage,Other Criminal Damage,592,670,556,469,504,451,526,625,586,570,708
Enfield,Drugs,Drug Trafficking,144,115,210,145,119,234,107,136,136,102,88
Enfield,Drugs,Other Drugs,7,11,1,6,8,13,7,9,9,9,3
Enfield,Drugs,Possession Of Drugs,2180,1633,1593,1403,1031,1388,1341,1132,934,934,823
Enfield,Fraud or Forgery,Counted per Victim,689,498,843,896,602,57,0,0,0,0,0
Enfield,Fraud or Forgery,Other Fraud & Forgery,411,557,535,430,381,71,43,37,32,56,45
Enfield,Other Notifiable Offences,Going Equipped,17,17,23,20,15,19,22,18,9,16,12
Enfield,Other Notifiable Offences,Other Notifiable,251,286,404,382,298,328,434,420,524,508,617
Enfield,Robbery,Business Property,100,137,136,92,141,71,44,72,54,72,74
Enfield,Robbery,Personal Property,1039,1097,1181,1090,1019,879,741,885,771,930,1161
Enfield,Sexual Offences,Other Sexual,192,217,213,184,172,201,286,290,345,376,416
Enfield,Sexual Offences,Rape,51,93,121,118,117,139,167,191,204,252,262
Enfield,Theft and Handling,Handling Stolen Goods,118,94,65,68,46,75,54,56,49,41,28
Enfield,Theft and Handling,Motor Vehicle Interference & Tampering,85,88,124,238,234,249,223,349,453,0,0
Enfield,Theft and Handling,Other Theft,2076,1978,1957,2259,2786,2795,3175,2856,2826,2945,2984
Enfield,Theft and Handling,Other Theft Person,498,544,521,449,592,599,463,464,523,576,677
Enfield,Theft and Handling,Theft From Motor Vehicle,3190,2605,2746,2922,2963,3218,2112,2221,2000,2284,3090
Enfield,Theft and Handling,Theft From Shops,900,926,962,817,905,911,1010,1061,1198,1496,1323
Enfield,Theft and Handling,Theft/Taking Of Motor Vehicle,1257,1061,1034,1126,793,876,770,636,806,1213,1710
Enfield,Theft and Handling,Theft/Taking of Pedal Cycle,173,273,244,275,248,203,247,276,256,298,202
Enfield,Violence Against the Person,Assault with Injury,1690,1675,1628,1548,1520,1343,1649,1694,1676,1660,1649
Enfield,Violence Against the Person,Common Assault,1025,1267,1378,1341,1195,1084,1546,1798,1965,2083,2272
Enfield,Violence Against the Person,Grievous Bodily Harm,95,308,132,0,0,0,0,0,0,0,0
Enfield,Violence Against the Person,Harassment,779,817,836,865,1128,1367,1692,2235,2512,2545,2963
Enfield,Violence Against the Person,Murder,9,3,3,5,3,5,5,6,1,8,4
Enfield,Violence Against the Person,Offensive Weapon,207,192,198,177,102,131,191,139,189,245,219
Enfield,Violence Against the Person,Other violence,203,229,237,180,174,204,270,284,391,388,479
Enfield,Violence Against the Person,Wounding/GBH,130,0,69,148,174,433,670,622,731,856,814
Greenwich,Burglary,Burglary in a Dwelling,2137,1999,1916,1643,1547,1451,1353,1131,1079,1573,1826
Greenwich,Burglary,Burglary in Other Buildings,1389,1168,925,915,780,940,800,742,704,1128,1070
Greenwich,Criminal Damage,Criminal Damage To Dwelling,1330,1360,1102,936,645,602,532,568,645,632,520
Greenwich,Criminal Damage,Criminal Damage To Motor Vehicle,1727,1401,1275,991,879,787,773,948,974,1107,785
Greenwich,Criminal Damage,Criminal Damage To Other Building,278,295,251,292,209,187,175,180,215,207,166
Greenwich,Criminal Damage,Other Criminal Damage,748,730,633,617,531,467,514,593,653,673,713
Greenwich,Drugs,Drug Trafficking,140,143,129,254,162,117,144,111,130,215,83
Greenwich,Drugs,Other Drugs,4,8,8,10,5,9,11,11,1,8,1
Greenwich,Drugs,Possession Of Drugs,1854,1384,983,1132,1139,1186,1101,820,723,755,773
Greenwich,Fraud or Forgery,Counted per Victim,898,700,941,695,464,72,0,0,0,0,0
Greenwich,Fraud or Forgery,Other Fraud & Forgery,426,466,489,323,332,55,45,45,56,49,46
Greenwich,Other Notifiable Offences,Going Equipped,14,15,16,16,11,11,6,7,14,13,10
Greenwich,Other Notifiable Offences,Other Notifiable,371,483,405,338,366,390,451,512,525,649,640
Greenwich,Robbery,Business Property,124,62,150,81,66,42,51,59,42,58,68
Greenwich,Robbery,Personal Property,1060,801,722,798,516,433,359,408,446,580,576
Greenwich,Sexual Offences,Other Sexual,275,286,295,322,260,220,291,347,374,418,434
Greenwich,Sexual Offences,Rape,80,80,87,95,91,117,175,172,189,273,287
Greenwich,Theft and Handling,Handling Stolen Goods,72,78,43,97,43,42,55,41,52,44,25
Greenwich,Theft and Handling,Motor Vehicle Interference & Tampering,244,253,176,151,140,163,211,296,355,0,0
Greenwich,Theft and Handling,Other Theft,2666,2512,2706,2918,3374,2823,2776,2645,2886,2881,2897
Greenwich,Theft and Handling,Other Theft Person,495,658,602,626,778,631,474,487,604,569,493
Greenwich,Theft and Handling,Theft From Motor Vehicle,3374,2547,2547,2024,1658,1669,1512,1245,1471,1629,1890
Greenwich,Theft and Handling,Theft From Shops,1292,1341,1329,1124,1151,1251,1467,1407,1461,1663,1564
Greenwich,Theft and Handling,Theft/Taking Of Motor Vehicle,1278,926,836,762,585,604,572,727,879,1016,1131
Greenwich,Theft and Handling,Theft/Taking of Pedal Cycle,331,418,415,433,353,320,278,298,386,352,345
Greenwich,Violence Against the Person,Assault with Injury,2785,2385,2327,2241,1911,1515,1704,1764,1928,1907,1933
Greenwich,Violence Against the Person,Common Assault,1268,1404,1424,1320,1326,1307,1770,2216,2350,2615,2568
Greenwich,Violence Against the Person,Grievous Bodily Harm,221,418,184,0,0,0,0,0,0,0,0
Greenwich,Violence Against the Person,Harassment,1937,1493,1247,1030,1477,1449,1875,2589,3078,2969,3298
Greenwich,Violence Against the Person,Murder,4,7,4,6,4,4,0,7,4,7,11
Greenwich,Violence Against the Person,Offensive Weapon,194,143,133,132,86,87,109,115,120,217,184
Greenwich,Violence Against the Person,Other violence,265,375,272,248,323,280,291,321,388,421,427
Greenwich,Violence Against the Person,Wounding/GBH,157,0,111,275,267,511,749,802,799,897,885
Hackney,Burglary,Burglary in a Dwelling,1565,1619,1387,1365,1411,1544,1410,1352,1470,1936,2352
Hackney,Burglary,Burglary in Other Buildings,1089,1127,1102,961,990,1252,1240,1144,1252,1371,1310
Hackney,Criminal Damage,Criminal Damage To Dwelling,754,696,643,597,511,485,445,446,475,456,407
Hackney,Criminal Damage,Criminal Damage To Motor Vehicle,1041,903,895,763,656,597,738,802,695,709,591
Hackney,Criminal Damage,Criminal Damage To Other Building,249,237,250,253,227,196,227,233,257,265,202
Hackney,Criminal Damage,Other Criminal Damage,560,527,482,471,477,397,492,540,555,594,674
Hackney,Drugs,Drug Trafficking,182,273,170,427,154,243,176,155,161,129,98
Hackney,Drugs,Other Drugs,30,34,27,24,15,11,10,7,9,9,8
Hackney,Drugs,Possession Of Drugs,4426,3603,2567,2029,2052,1631,1125,1157,1196,1129,1353
Hackney,Fraud or Forgery,Counted per Victim,505,509,516,491,525,31,0,0,0,0,0
Hackney,Fraud or Forgery,Other Fraud & Forgery,358,401,319,284,317,43,28,30,18,32,48
Hackney,Other Notifiable Offences,Going Equipped,49,35,30,16,25,33,27,23,17,32,25
Hackney,Other Notifiable Offences,Other Notifiable,379,386,340,301,318,344,413,447,513,496,501
Hackney,Robbery,Business Property,95,119,110,96,59,55,74,74,75,78,109
Hackney,Robbery,Personal Property,1043,880,1072,1076,1216,999,899,953,976,1398,1495
Hackney,Sexual Offences,Other Sexual,299,321,310,229,255,267,351,400,466,470,478
Hackney,Sexual Offences,Rape,128,120,120,150,131,145,182,224,245,332,303
Hackney,Theft and Handling,Handling Stolen Goods,120,88,60,67,47,57,65,54,58,45,30
Hackney,Theft and Handling,Motor Vehicle Interference & Tampering,288,303,264,203,194,156,198,323,267,0,0
Hackney,Theft and Handling,Other Theft,3530,3508,3852,4679,4596,4322,3804,3819,3887,3708,3938
Hackney,Theft and Handling,Other Theft Person,1321,1585,1991,2631,3291,3033,1990,2398,2727,3476,2256
Hackney,Theft and Handling,Theft From Motor Vehicle,2534,2100,2373,1859,2268,1945,1569,1694,1607,1871,2080
Hackney,Theft and Handling,Theft From Shops,681,682,643,773,707,748,733,730,1180,1103,891
Hackney,Theft and Handling,Theft/Taking Of Motor Vehicle,1063,818,777,936,726,583,566,564,652,906,918
Hackney,Theft and Handling,Theft/Taking of Pedal Cycle,1191,1585,1510,1578,1599,1371,1328,1277,1437,1708,1688
Hackney,Violence Against the Person,Assault with Injury,2194,2186,2064,1837,1935,1544,1664,1795,1826,1879,1840
Hackney,Violence Against the Person,Common Assault,1446,1450,1547,1537,1575,1505,2070,2410,2555,2676,2709
Hackney,Violence Against the Person,Grievous Bodily Harm,158,433,248,0,0,0,0,0,0,0,0
Hackney,Violence Against the Person,Harassment,1750,1706,1662,1322,1605,1616,2020,2681,2943,3111,3177
Hackney,Violence Against the Person,Murder,8,8,5,2,4,7,6,6,1,3,8
Hackney,Violence Against the Person,Offensive Weapon,356,240,243,187,125,149,156,213,221,330,280
Hackney,Violence Against the Person,Other violence,451,479,407,275,282,317,307,412,449,483,437
Hackney,Violence Against the Person,Wounding/GBH,214,0,105,247,278,663,887,927,942,1092,991
Hammersmith and Fulham,Burglary,Burglary in a Dwelling,1861,1419,1668,1846,1253,1010,966,1031,935,1329,1380
Hammersmith and Fulham,Burglary,Burglary in Other Buildings,629,554,599,683,618,521,487,549,597,1067,907
Hammersmith and Fulham,Criminal Damage,Criminal Damage To Dwelling,610,616,576,468,395,262,307,344,344,327,306
Hammersmith and Fulham,Criminal Damage,Criminal Damage To Motor Vehicle,859,753,802,717,625,506,501,539,516,507,428
Hammersmith and Fulham,Criminal Damage,Criminal Damage To Other Building,256,246,238,207,175,167,193,151,169,142,124
Hammersmith and Fulham,Criminal Damage,Other Criminal Damage,415,378,416,356,288,277,373,445,389,397,406
Hammersmith and Fulham,Drugs,Drug Trafficking,134,130,106,107,100,113,83,81,57,59,89
Hammersmith and Fulham,Drugs,Other Drugs,21,16,21,32,20,45,21,19,27,8,9
Hammersmith and Fulham,Drugs,Possession Of Drugs,1971,1858,1804,1439,1565,1865,1753,1334,1260,1007,836
Hammersmith and Fulham,Fraud or Forgery,Counted per Victim,455,487,528,431,497,47,0,0,0,0,0
Hammersmith and Fulham,Fraud or Forgery,Other Fraud & Forgery,236,314,261,274,379,42,30,21,28,46,39
Hammersmith and Fulham,Other Notifiable Offences,Going Equipped,44,45,64,81,46,44,63,52,56,50,37
Hammersmith and Fulham,Other Notifiable Offences,Other Notifiable,230,275,303,335,315,345,390,410,435,405,382
Hammersmith and Fulham,Robbery,Business Property,45,45,71,42,34,40,22,25,30,30,59
Hammersmith and Fulham,Robbery,Personal Property,666,651,783,774,689,541,349,334,373,536,716
Hammersmith and Fulham,Sexual Offences,Other Sexual,180,158,157,146,175,183,209,250,276,282,282
Hammersmith and Fulham,Sexual Offences,Rape,68,60,81,69,88,87,127,126,164,161,289
Hammersmith and Fulham,Theft and Handling,Handling Stolen Goods,96,100,115,136,96,89,75,58,71,35,38
Hammersmith and Fulham,Theft and Handling,Motor Vehicle Interference & Tampering,48,109,163,153,142,105,214,306,384,0,0
Hammersmith and Fulham,Theft and Handling,Other Theft,3126,3164,3092,3443,3623,3176,3181,3121,2897,2819,3153
Hammersmith and Fulham,Theft and Handling,Other Theft Person,858,1020,1056,1159,1202,986,758,824,634,650,738
Hammersmith and Fulham,Theft and Handling,Theft From Motor Vehicle,2296,2333,2178,2653,2300,1750,1737,1826,1692,2016,1857
Hammersmith and Fulham,Theft and Handling,Theft From Shops,1178,1686,1844,1818,1697,1651,1657,1575,1563,1445,1495
Hammersmith and Fulham,Theft and Handling,Theft/Taking Of Motor Vehicle,565,644,591,691,597,490,625,655,885,912,638
Hammersmith and Fulham,Theft and Handling,Theft/Taking of Pedal Cycle,1020,1303,1303,1226,1328,958,759,681,925,1216,1038
Hammersmith and Fulham,Violence Against the Person,Assault with Injury,1657,1529,1540,1280,1270,1006,1062,1142,1201,1185,1258
Hammersmith and Fulham,Violence Against the Person,Common Assault,892,1020,1272,1244,1154,1051,1356,1580,1738,1857,1921
Hammersmith and Fulham,Violence Against the Person,Grievous Bodily Harm,88,234,131,0,0,0,0,0,0,0,0
Hammersmith and Fulham,Violence Against the Person,Harassment,1793,1642,1504,1355,1455,1315,1709,2097,2339,2275,2407
Hammersmith and Fulham,Violence Against the Person,Murder,1,2,3,4,5,1,0,2,3,1,3
Hammersmith and Fulham,Violence Against the Person,Offensive Weapon,174,159,165,140,108,113,111,115,136,161,161
Hammersmith and Fulham,Violence Against the Person,Other violence,222,229,249,201,172,187,171,195,220,217,492
Hammersmith and Fulham,Violence Against the Person,Wounding/GBH,93,0,60,165,138,370,463,591,555,576,612
Haringey,Burglary,Burglary in a Dwelling,2883,2855,2400,2736,2634,1979,2181,1864,1854,1830,2613
Haringey,Burglary,Burglary in Other Buildings,863,873,876,883,809,769,708,699,620,1093,1073
Haringey,Criminal Damage,Criminal Damage To Dwelling,1050,931,792,690,620,529,565,545,545,541,495
Haringey,Criminal Damage,Criminal Damage To Motor Vehicle,1491,1302,1083,1104,922,684,750,774,810,754,673
Haringey,Criminal Damage,Criminal Damage To Other Building,271,215,232,254,199,214,258,243,250,219,181
Haringey,Criminal Damage,Other Criminal Damage,699,669,601,667,444,441,579,590,639,669,736
Haringey,Drugs,Drug Trafficking,253,178,199,85,220,102,141,178,104,114,111
Haringey,Drugs,Other Drugs,12,13,8,10,9,8,3,4,10,8,14
Haringey,Drugs,Possession Of Drugs,2342,2078,1575,1525,1355,1129,1044,1161,1468,1276,1193
Haringey,Fraud or Forgery,Counted per Victim,1051,955,912,921,546,59,0,0,0,0,0
Haringey,Fraud or Forgery,Other Fraud & Forgery,379,355,338,271,364,53,33,34,56,55,52
Haringey,Other Notifiable Offences,Going Equipped,16,22,11,12,15,14,22,27,21,12,16
Haringey,Other Notifiable Offences,Other Notifiable,280,254,236,232,274,267,380,435,564,494,546
Haringey,Robbery,Business Property,141,142,130,96,75,66,57,84,80,107,131
Haringey,Robbery,Personal Property,1081,950,929,1373,1073,860,957,1179,1191,1732,1732
Haringey,Sexual Offences,Other Sexual,187,235,274,210,240,186,292,374,386,401,418
Haringey,Sexual Offences,Rape,65,89,138,142,124,135,184,201,235,262,343
Haringey,Theft and Handling,Handling Stolen Goods,154,71,62,48,40,54,46,50,49,56,35
Haringey,Theft and Handling,Motor Vehicle Interference & Tampering,67,44,39,59,159,165,292,278,442,0,0
Haringey,Theft and Handling,Other Theft,2905,2796,2829,2592,3652,3239,3242,3415,3250,3528,3342
Haringey,Theft and Handling,Other Theft Person,1046,1029,962,1122,1260,1370,1154,1274,1824,2284,1740
Haringey,Theft and Handling,Theft From Motor Vehicle,3479,2783,2670,2900,2800,2577,2069,1827,1929,2455,3044
Haringey,Theft and Handling,Theft From Shops,716,850,996,878,871,846,1065,1392,1575,1450,1228
Haringey,Theft and Handling,Theft/Taking Of Motor Vehicle,1137,934,914,1347,881,821,781,749,1048,1125,1221
Haringey,Theft and Handling,Theft/Taking of Pedal Cycle,285,435,466,487,423,392,436,509,538,468,446
Haringey,Violence Against the Person,Assault with Injury,2198,2033,2044,1968,1919,1387,1777,1796,1956,2021,1936
Haringey,Violence Against the Person,Common Assault,1092,1095,1237,1202,1127,1046,1575,2020,2229,2513,2594
Haringey,Violence Against the Person,Grievous Bodily Harm,200,446,241,0,0,0,0,0,0,0,0
Haringey,Violence Against the Person,Harassment,1136,1064,864,752,1061,1034,1659,2267,2880,2955,3178
Haringey,Violence Against the Person,Murder,4,8,5,7,5,4,3,7,5,4,8
Haringey,Violence Against the Person,Offensive Weapon,228,188,148,133,116,105,118,182,212,303,302
Haringey,Violence Against the Person,Other violence,322,380,269,322,238,280,325,369,511,522,539
Haringey,Violence Against the Person,Wounding/GBH,127,0,102,329,312,660,853,956,936,1080,1019
Harrow,Burglary,Burglary in a Dwelling,1569,1741,1744,1995,1850,1658,1474,1307,1617,1684,1597
Harrow,Burglary,Burglary in Other Buildings,749,609,585,606,673,448,363,363,378,702,646
Harrow,Criminal Damage,Criminal Damage To Dwelling,442,447,338,301,276,253,204,215,212,220,234
Harrow,Criminal Damage,Criminal Damage To Motor Vehicle,841,822,798,696,549,503,537,546,574,492,404
Harrow,Criminal Damage,Criminal Damage To Other Building,152,191,159,125,120,108,102,103,110,87,82
Harrow,Criminal Damage,Other Criminal Damage,366,445,380,338,306,283,340,333,319,341,378
Harrow,Drugs,Drug Trafficking,62,72,49,58,87,76,86,129,66,85,34
Harrow,Drugs,Other Drugs,2,2,4,6,3,4,8,4,3,5,4
Harrow,Drugs,Possession Of Drugs,957,845,897,616,631,829,857,496,402,447,539
Harrow,Fraud or Forgery,Counted per Victim,530,617,680,566,406,54,0,0,0,0,0
Harrow,Fraud or Forgery,Other Fraud & Forgery,170,237,313,333,249,56,20,15,25,20,27
Harrow,Other Notifiable Offences,Going Equipped,10,8,10,5,10,8,14,11,7,3,4
Harrow,Other Notifiable Offences,Other Notifiable,201,211,214,223,223,229,229,201,275,248,310
Harrow,Robbery,Business Property,58,51,47,59,30,20,17,30,31,22,35
Harrow,Robbery,Personal Property,514,419,417,589,649,494,298,285,351,296,337
Harrow,Sexual Offences,Other Sexual,122,145,118,128,138,148,160,175,200,219,206
Harrow,Sexual Offences,Rape,42,62,59,50,49,75,97,82,105,122,154
Harrow,Theft and Handling,Handling Stolen Goods,37,32,26,38,29,20,14,20,21,9,10
Harrow,Theft and Handling,Motor Vehicle Interference & Tampering,97,152,118,78,85,71,123,256,204,0,0
Harrow,Theft and Handling,Other Theft,1520,1489,1575,1571,1607,1392,1448,1567,1565,1471,1596
Harrow,Theft and Handling,Other Theft Person,443,442,520,323,305,353,288,283,369,322,444
Harrow,Theft and Handling,Theft From Motor Vehicle,1582,1642,1758,1462,1624,1362,1171,1161,1087,1223,1195
Harrow,Theft and Handling,Theft From Shops,696,722,645,490,501,587,606,794,888,722,831
Harrow,Theft and Handling,Theft/Taking Of Motor Vehicle,491,334,366,332,263,236,192,207,290,373,521
Harrow,Theft and Handling,Theft/Taking of Pedal Cycle,138,151,143,177,171,116,130,153,155,144,166
Harrow,Violence Against the Person,Assault with Injury,1138,1075,1029,909,1009,823,842,903,909,945,947
Harrow,Violence Against the Person,Common Assault,723,866,810,712,741,755,1019,1268,1309,1375,1519
Harrow,Violence Against the Person,Grievous Bodily Harm,83,197,125,0,0,0,0,0,0,0,0
Harrow,Violence Against the Person,Harassment,728,961,1034,881,875,904,1060,1326,1382,1531,1793
Harrow,Violence Against the Person,Murder,1,3,4,0,0,0,1,3,1,2,0
Harrow,Violence Against the Person,Offensive Weapon,103,89,62,36,55,45,55,72,60,110,95
Harrow,Violence Against the Person,Other violence,202,207,230,127,150,218,163,252,260,266,270
Harrow,Violence Against the Person,Wounding/GBH,67,0,69,193,154,320,381,429,418,471,501
Havering,Burglary,Burglary in a Dwelling,1402,1738,1602,2037,2121,1941,1576,1393,1375,1716,1474
Havering,Burglary,Burglary in Other Buildings,1038,958,724,786,698,539,547,550,458,875,861
Havering,Criminal Damage,Criminal Damage To Dwelling,543,492,449,396,350,292,300,331,331,382,308
Havering,Criminal Damage,Criminal Damage To Motor Vehicle,1496,1130,1009,845,717,734,673,757,842,831,647
Havering,Criminal Damage,Criminal Damage To Other Building,335,269,237,192,145,137,157,146,149,141,113
Havering,Criminal Damage,Other Criminal Damage,582,544,495,411,391,339,437,433,501,499,430
Havering,Drugs,Drug Trafficking,55,88,97,103,100,112,108,80,74,52,37
Havering,Drugs,Other Drugs,1,1,1,1,4,4,1,1,2,3,0
Havering,Drugs,Possession Of Drugs,1032,910,966,964,958,912,651,649,658,469,494
Havering,Fraud or Forgery,Counted per Victim,1104,573,622,726,300,30,0,0,0,0,0
Havering,Fraud or Forgery,Other Fraud & Forgery,104,164,183,165,193,20,18,14,17,24,21
Havering,Other Notifiable Offences,Going Equipped,7,12,12,26,16,7,8,9,11,6,6
Havering,Other Notifiable Offences,Other Notifiable,192,171,212,213,236,246,313,356,392,356,402
Havering,Robbery,Business Property,54,58,42,45,53,25,21,25,28,69,66
Havering,Robbery,Personal Property,270,283,357,432,393,266,270,295,291,561,610
Havering,Sexual Offences,Other Sexual,131,168,153,139,127,135,293,279,243,307,290
Havering,Sexual Offences,Rape,37,49,60,68,54,68,103,105,117,172,172
Havering,Theft and Handling,Handling Stolen Goods,52,32,41,51,55,53,26,27,34,47,25
Havering,Theft and Handling,Motor Vehicle Interference & Tampering,156,114,132,115,135,200,202,231,241,0,0
Havering,Theft and Handling,Other Theft,1833,1857,1955,2173,2335,2206,2107,2140,2152,2116,2085
Havering,Theft and Handling,Other Theft Person,379,533,491,341,374,375,371,350,385,401,360
Havering,Theft and Handling,Theft From Motor Vehicle,1647,1237,1557,1482,1641,1644,1141,1074,959,1067,1160
Havering,Theft and Handling,Theft From Shops,1361,1429,1281,1227,915,947,1066,1097,1202,1346,1162
Havering,Theft and Handling,Theft/Taking Of Motor Vehicle,1147,896,897,942,938,789,751,787,837,1212,1383
Havering,Theft and Handling,Theft/Taking of Pedal Cycle,145,151,168,237,218,159,109,173,160,192,152
Havering,Violence Against the Person,Assault with Injury,1344,1351,1375,1204,1206,967,1084,1167,1403,1395,1355
Havering,Violence Against the Person,Common Assault,666,724,938,845,809,784,943,1349,1577,1607,1673
Havering,Violence Against the Person,Grievous Bodily Harm,78,233,134,0,0,0,0,0,0,0,0
Havering,Violence Against the Person,Harassment,612,774,1006,854,963,1007,1246,1673,2104,2124,2327
Havering,Violence Against the Person,Murder,1,1,0,1,1,2,0,0,2,4,2
Havering,Violence Against the Person,Offensive Weapon,133,90,74,77,73,68,68,77,93,125,161
Havering,Violence Against the Person,Other violence,98,112,122,135,113,152,164,234,238,257,331
Havering,Violence Against the Person,Wounding/GBH,94,0,103,221,200,322,490,581,595,609,588
Hillingdon,Burglary,Burglary in a Dwelling,1894,2428,2102,2600,2445,1988,1865,1476,1514,1781,1625
Hillingdon,Burglary,Burglary in Other Buildings,1066,964,992,1122,931,873,813,736,714,1235,1118
Hillingdon,Criminal Damage,Criminal Damage To Dwelling,836,747,611,543,473,432,428,419,491,422,425
Hillingdon,Criminal Damage,Criminal Damage To Motor Vehicle,1764,1667,1510,1370,1017,938,1184,1008,1096,1321,959
Hillingdon,Criminal Damage,Criminal Damage To Other Building,368,234,307,237,206,210,209,201,196,202,146
Hillingdon,Criminal Damage,Other Criminal Damage,838,804,755,693,548,545,561,654,663,713,669
Hillingdon,Drugs,Drug Trafficking,125,115,94,136,96,222,124,107,254,76,53
Hillingdon,Drugs,Other Drugs,2,2,5,4,7,2,6,7,8,4,5
Hillingdon,Drugs,Possession Of Drugs,1798,1446,1333,1374,963,771,784,963,753,782,895
Hillingdon,Fraud or Forgery,Counted per Victim,995,924,935,546,520,29,0,0,0,0,0
Hillingdon,Fraud or Forgery,Other Fraud & Forgery,282,257,236,257,259,39,15,21,41,57,58
Hillingdon,Other Notifiable Offences,Going Equipped,11,11,15,9,12,13,12,10,9,22,12
Hillingdon,Other Notifiable Offences,Other Notifiable,311,324,353,321,295,346,356,379,448,1800,1629
Hillingdon,Robbery,Business Property,79,63,88,68,56,39,42,37,32,58,61
Hillingdon,Robbery,Personal Property,730,638,734,852,814,519,466,289,396,468,521
Hillingdon,Sexual Offences,Other Sexual,200,198,224,199,172,180,285,277,318,409,375
Hillingdon,Sexual Offences,Rape,43,60,77,76,85,111,125,146,147,184,197
Hillingdon,Theft and Handling,Handling Stolen Goods,64,51,60,69,34,53,31,39,31,42,18
Hillingdon,Theft and Handling,Motor Vehicle Interference & Tampering,92,226,174,236,238,107,309,379,387,0,0
Hillingdon,Theft and Handling,Other Theft,2247,2021,2134,2570,2648,2613,2704,2757,2549,3926,4062
Hillingdon,Theft and Handling,Other Theft Person,451,526,462,490,496,451,405,400,410,456,494
Hillingdon,Theft and Handling,Theft From Motor Vehicle,2827,3105,2430,2837,2282,1945,2149,1824,1764,2656,2904
Hillingdon,Theft and Handling,Theft From Shops,1038,1177,1131,1062,1115,1108,1363,1590,1749,2004,1943
Hillingdon,Theft and Handling,Theft/Taking Of Motor Vehicle,981,723,660,697,561,461,497,553,755,1125,1193
Hillingdon,Theft and Handling,Theft/Taking of Pedal Cycle,307,295,263,318,330,279,295,343,307,406,313
Hillingdon,Violence Against the Person,Assault with Injury,2330,2149,2093,1923,1750,1386,1639,1661,1727,1721,1759
Hillingdon,Violence Against the Person,Common Assault,744,951,1133,1149,1091,1155,1784,2053,2034,2344,2358
Hillingdon,Violence Against the Person,Grievous Bodily Harm,121,422,234,0,0,0,0,0,0,0,0
Hillingdon,Violence Against the Person,Harassment,2269,2006,2036,1662,1621,1431,2169,2534,2775,2871,3146
Hillingdon,Violence Against the Person,Murder,3,2,2,2,0,3,2,6,5,2,4
Hillingdon,Violence Against the Person,Offensive Weapon,158,136,99,95,59,81,63,81,98,176,210
Hillingdon,Violence Against the Person,Other violence,264,252,260,241,225,313,313,295,356,372,388
Hillingdon,Violence Against the Person,Wounding/GBH,152,0,99,297,225,467,635,736,711,788,809
Hounslow,Burglary,Burglary in a Dwelling,1663,2013,1786,1953,2051,1740,1238,1196,1162,1683,1691
Hounslow,Burglary,Burglary in Other Buildings,872,737,734,780,887,740,691,591,653,1123,1063
Hounslow,Criminal Damage,Criminal Damage To Dwelling,787,716,642,610,485,397,390,451,431,407,357
Hounslow,Criminal Damage,Criminal Damage To Motor Vehicle,1515,1361,1307,1194,1060,949,870,963,970,937,860
Hounslow,Criminal Damage,Criminal Damage To Other Building,302,232,242,236,202,202,176,201,216,181,165
Hounslow,Criminal Damage,Other Criminal Damage,626,621,605,604,524,450,518,569,617,590,621
Hounslow,Drugs,Drug Trafficking,136,150,158,157,106,123,148,92,100,113,97
Hounslow,Drugs,Other Drugs,5,4,7,7,7,3,8,5,9,3,8
Hounslow,Drugs,Possession Of Drugs,1994,1684,1684,1618,1530,1395,1400,1017,1000,1110,1130
Hounslow,Fraud or Forgery,Counted per Victim,919,726,980,1086,517,45,0,0,0,0,0
Hounslow,Fraud or Forgery,Other Fraud & Forgery,280,307,322,300,363,29,25,14,33,43,28
Hounslow,Other Notifiable Offences,Going Equipped,18,21,20,19,18,22,17,14,16,19,13
Hounslow,Other Notifiable Offences,Other Notifiable,368,338,339,402,335,278,350,424,523,540,528
Hounslow,Robbery,Business Property,70,40,42,25,41,27,25,21,23,44,49
Hounslow,Robbery,Personal Property,687,609,595,659,727,458,388,367,384,439,619
Hounslow,Sexual Offences,Other Sexual,188,201,213,188,212,217,327,350,331,349,350
Hounslow,Sexual Offences,Rape,65,74,111,90,87,110,160,180,214,203,255
Hounslow,Theft and Handling,Handling Stolen Goods,53,55,49,68,60,41,46,31,33,49,27
Hounslow,Theft and Handling,Motor Vehicle Interference & Tampering,53,99,107,125,183,103,221,347,429,0,0
Hounslow,Theft and Handling,Other Theft,2508,2317,2434,2699,3119,2682,2646,2683,2635,2874,2784
Hounslow,Theft and Handling,Other Theft Person,518,530,465,540,594,506,408,456,410,413,544
Hounslow,Theft and Handling,Theft From Motor Vehicle,2142,2341,2178,2588,2545,1920,1747,1949,2033,2310,2576
Hounslow,Theft and Handling,Theft From Shops,1228,1330,1503,1397,1461,1516,1543,1640,1728,1645,1216
Hounslow,Theft and Handling,Theft/Taking Of Motor Vehicle,794,741,625,684,619,427,495,535,816,821,940
Hounslow,Theft and Handling,Theft/Taking of Pedal Cycle,579,610,651,724,673,575,467,535,588,805,737
Hounslow,Violence Against the Person,Assault with Injury,1971,1873,1939,1776,1736,1330,1444,1615,1665,1695,1768
Hounslow,Violence Against the Person,Common Assault,1457,1448,1633,1698,1491,1428,1761,2042,2057,2366,2566
Hounslow,Violence Against the Person,Grievous Bodily Harm,136,262,131,0,0,0,0,0,0,0,0
Hounslow,Violence Against the Person,Harassment,1489,1610,1604,1437,1669,1557,1919,2423,2642,2810,3058
Hounslow,Violence Against the Person,Murder,1,2,2,0,2,0,1,1,1,3,1
Hounslow,Violence Against the Person,Offensive Weapon,132,145,99,113,71,65,73,63,107,174,203
Hounslow,Violence Against the Person,Other violence,300,307,270,231,224,208,239,347,331,390,378
Hounslow,Violence Against the Person,Wounding/GBH,106,0,74,189,205,473,621,675,701,739,786
Islington,Burglary,Burglary in a Dwelling,1725,1672,1477,1660,1425,1270,1332,1431,1129,1490,1924
Islington,Burglary,Burglary in Other Buildings,1236,1316,1151,1160,1005,1152,1053,923,919,1296,1136
Islington,Criminal Damage,Criminal Damage To Dwelling,740,747,673,589,574,471,491,525,480,453,450
Islington,Criminal Damage,Criminal Damage To Motor Vehicle,1100,1041,892,739,629,570,755,671,628,673,533
Islington,Criminal Damage,Criminal Damage To Other Building,281,256,245,232,226,206,251,220,248,179,184
Islington,Criminal Damage,Other Criminal Damage,574,568,451,500,466,389,482,593,547,519,526
Islington,Drugs,Drug Trafficking,322,155,170,155,220,212,157,125,117,106,64
Islington,Drugs,Other Drugs,17,14,26,17,17,11,13,4,11,13,8
Islington,Drugs,Possession Of Drugs,3142,2401,1760,1616,1526,1216,1163,1301,1706,1316,1178
Islington,Fraud or Forgery,Counted per Victim,389,433,541,388,552,33,0,0,0,0,0
Islington,Fraud or Forgery,Other Fraud & Forgery,290,344,331,267,319,55,28,37,32,49,47
Islington,Other Notifiable Offences,Going Equipped,37,37,27,40,25,22,25,16,18,22,10
Islington,Other Notifiable Offences,Other Notifiable,389,381,354,328,364,369,436,487,505,486,495
Islington,Robbery,Business Property,89,111,127,96,67,69,68,67,78,82,114
Islington,Robbery,Personal Property,1057,845,852,1103,1130,895,785,941,876,1730,1409
Islington,Sexual Offences,Other Sexual,214,179,206,182,205,214,278,325,338,412,405
Islington,Sexual Offences,Rape,64,79,80,115,92,93,148,160,184,264,232
Islington,Theft and Handling,Handling Stolen Goods,185,86,106,119,78,91,63,70,57,43,55
Islington,Theft and Handling,Motor Vehicle Interference & Tampering,190,244,289,196,131,127,228,336,308,0,0
Islington,Theft and Handling,Other Theft,4719,4288,4532,4843,5327,4175,3790,4002,3645,3762,3928
Islington,Theft and Handling,Other Theft Person,1301,1345,1639,2470,3646,3960,2935,3925,3561,6004,2849
Islington,Theft and Handling,Theft From Motor Vehicle,2591,2495,2292,1950,1765,1522,1385,1411,1445,1794,1800
Islington,Theft and Handling,Theft From Shops,1133,1265,1356,1287,1098,938,1227,1305,1513,1515,1329
Islington,Theft and Handling,Theft/Taking Of Motor Vehicle,789,866,790,761,601,630,834,737,666,868,735
Islington,Theft and Handling,Theft/Taking of Pedal Cycle,1255,1791,1632,1471,1155,1041,1164,1014,966,1181,1150
Islington,Violence Against the Person,Assault with Injury,1861,1919,1689,1554,1572,1174,1437,1464,1487,1546,1596
Islington,Violence Against the Person,Common Assault,1431,1534,1550,1449,1378,1310,1841,2059,2017,2112,2137
Islington,Violence Against the Person,Grievous Bodily Harm,186,376,190,0,0,0,0,0,0,0,0
Islington,Violence Against the Person,Harassment,1659,1699,2022,1610,1802,1593,2250,2701,3018,2830,2974
Islington,Violence Against the Person,Murder,8,3,6,4,4,5,3,8,4,6,5
Islington,Violence Against the Person,Offensive Weapon,205,148,145,147,134,117,143,152,188,231,212
Islington,Violence Against the Person,Other violence,209,220,215,186,223,212,224,292,325,325,351
Islington,Violence Against the Person,Wounding/GBH,159,0,125,290,261,544,705,861,836,903,886
Kensington and Chelsea,Burglary,Burglary in a Dwelling,988,971,920,1046,1044,979,909,972,860,1213,1374
Kensington and Chelsea,Burglary,Burglary in Other Buildings,806,731,700,693,740,784,678,618,586,923,1043
Kensington and Chelsea,Criminal Damage,Criminal Damage To Dwelling,357,308,272,282,236,186,204,233,234,247,253
Kensington and Chelsea,Criminal Damage,Criminal Damage To Motor Vehicle,564,460,486,493,411,345,336,385,412,462,406
Kensington and Chelsea,Criminal Damage,Criminal Damage To Other Building,204,146,167,154,156,102,159,141,122,115,109
Kensington and Chelsea,Criminal Damage,Other Criminal Damage,315,278,258,243,263,201,278,311,288,300,328
Kensington and Chelsea,Drugs,Drug Trafficking,100,102,134,73,64,55,45,55,61,95,53
Kensington and Chelsea,Drugs,Other Drugs,12,12,11,2,6,16,7,9,8,13,12
Kensington and Chelsea,Drugs,Possession Of Drugs,2902,2098,2142,1595,1349,1061,731,1015,1691,1545,1407
Kensington and Chelsea,Fraud or Forgery,Counted per Victim,358,413,393,388,502,54,0,0,0,0,0
Kensington and Chelsea,Fraud or Forgery,Other Fraud & Forgery,439,581,426,394,435,72,23,18,37,73,54
Kensington and Chelsea,Other Notifiable Offences,Going Equipped,41,31,48,24,16,8,14,27,27,28,22
Kensington and Chelsea,Other Notifiable Offences,Other Notifiable,225,239,202,168,202,212,242,274,314,329,318
Kensington and Chelsea,Robbery,Business Property,34,45,43,40,24,34,33,24,37,38,60
Kensington and Chelsea,Robbery,Personal Property,506,500,478,579,636,511,439,385,487,645,671
Kensington and Chelsea,Sexual Offences,Other Sexual,123,118,119,110,140,142,220,187,211,204,242
Kensington and Chelsea,Sexual Offences,Rape,46,44,38,70,62,80,101,107,133,163,162
Kensington and Chelsea,Theft and Handling,Handling Stolen Goods,87,69,54,56,41,45,32,25,37,38,27
Kensington and Chelsea,Theft and Handling,Motor Vehicle Interference & Tampering,53,47,40,68,97,80,167,268,331,0,0
Kensington and Chelsea,Theft and Handling,Other Theft,4849,4545,5223,5466,5903,4978,4437,4223,3660,3467,3715
Kensington and Chelsea,Theft and Handling,Other Theft Person,1217,1309,1180,1169,1675,1788,1213,1352,1129,1366,1536
Kensington and Chelsea,Theft and Handling,Theft From Motor Vehicle,2064,1576,1523,1499,1643,1521,1380,1514,1722,2096,1990
Kensington and Chelsea,Theft and Handling,Theft From Shops,1801,1799,1877,1801,1646,1464,1749,1764,1672,1712,1713
Kensington and Chelsea,Theft and Handling,Theft/Taking Of Motor Vehicle,526,511,519,550,557,467,774,719,914,706,568
Kensington and Chelsea,Theft and Handling,Theft/Taking of Pedal Cycle,790,928,921,775,820,653,651,487,545,701,544
Kensington and Chelsea,Violence Against the Person,Assault with Injury,1070,1012,1017,950,902,678,769,846,791,949,925
Kensington and Chelsea,Violence Against the Person,Common Assault,748,805,717,823,716,696,1046,1345,1301,1487,1570
Kensington and Chelsea,Violence Against the Person,Grievous Bodily Harm,65,134,79,0,0,0,0,0,0,0,0
Kensington and Chelsea,Violence Against the Person,Harassment,931,832,916,792,777,756,1230,1708,1832,1778,2064
Kensington and Chelsea,Violence Against the Person,Murder,0,0,0,0,0,0,3,4,1,1,2
Kensington and Chelsea,Violence Against the Person,Offensive Weapon,136,68,76,72,62,50,51,136,187,171,165
Kensington and Chelsea,Violence Against the Person,Other violence,131,125,100,95,108,121,105,147,171,201,211
Kensington and Chelsea,Violence Against the Person,Wounding/GBH,68,0,44,99,125,270,434,418,455,451,457
Kingston upon Thames,Burglary,Burglary in a Dwelling,550,698,623,780,839,711,597,565,562,896,772
Kingston upon Thames,Burglary,Burglary in Other Buildings,524,554,569,556,534,483,397,367,324,477,453
Kingston upon Thames,Criminal Damage,Criminal Damage To Dwelling,312,288,245,185,197,153,162,194,205,171,183
Kingston upon Thames,Criminal Damage,Criminal Damage To Motor Vehicle,839,660,578,483,497,437,424,420,460,427,392
Kingston upon Thames,Criminal Damage,Criminal Damage To Other Building,230,233,176,174,143,139,138,143,145,111,82
Kingston upon Thames,Criminal Damage,Other Criminal Damage,322,301,331,316,263,222,261,273,252,296,302
Kingston upon Thames,Drugs,Drug Trafficking,91,54,85,77,41,36,59,58,44,44,18
Kingston upon Thames,Drugs,Other Drugs,0,1,0,2,0,3,2,3,6,4,0
Kingston upon Thames,Drugs,Possession Of Drugs,573,491,447,601,382,566,705,857,713,547,404
Kingston upon Thames,Fraud or Forgery,Counted per Victim,261,280,316,394,229,16,0,0,0,0,0
Kingston upon Thames,Fraud or Forgery,Other Fraud & Forgery,163,187,137,141,141,22,6,18,16,32,19
Kingston upon Thames,Other Notifiable Offences,Going Equipped,9,15,7,5,12,12,10,8,13,15,5
Kingston upon Thames,Other Notifiable Offences,Other Notifiable,148,143,145,123,109,94,134,199,181,186,251
Kingston upon Thames,Robbery,Business Property,13,27,17,7,17,17,8,12,10,17,27
Kingston upon Thames,Robbery,Personal Property,256,251,224,237,219,142,102,98,110,160,234
Kingston upon Thames,Sexual Offences,Other Sexual,95,107,122,117,100,104,134,165,169,201,242
Kingston upon Thames,Sexual Offences,Rape,24,33,46,59,73,45,60,75,94,128,137
Kingston upon Thames,Theft and Handling,Handling Stolen Goods,51,24,14,21,31,19,16,10,13,19,9
Kingston upon Thames,Theft and Handling,Motor Vehicle Interference & Tampering,96,69,46,40,80,37,77,84,134,0,0
Kingston upon Thames,Theft and Handling,Other Theft,1636,1516,1670,1712,1603,1479,1391,1298,1310,1248,1479
Kingston upon Thames,Theft and Handling,Other Theft Person,341,399,433,412,555,487,300,375,376,340,478
Kingston upon Thames,Theft and Handling,Theft From Motor Vehicle,879,712,692,652,673,607,525,464,448,819,787
Kingston upon Thames,Theft and Handling,Theft From Shops,1027,1217,1289,1118,947,1011,1127,916,1010,1079,1034
Kingston upon Thames,Theft and Handling,Theft/Taking Of Motor Vehicle,296,212,195,158,139,117,156,155,268,307,366
Kingston upon Thames,Theft and Handling,Theft/Taking of Pedal Cycle,471,451,478,524,477,440,377,278,281,354,650
Kingston upon Thames,Violence Against the Person,Assault with Injury,1004,947,962,973,916,631,569,726,761,805,903
Kingston upon Thames,Violence Against the Person,Common Assault,578,542,600,627,535,544,684,801,812,920,1022
Kingston upon Thames,Violence Against the Person,Grievous Bodily Harm,112,216,136,0,0,0,0,0,0,0,0
Kingston upon Thames,Violence Against the Person,Harassment,366,370,333,269,610,540,756,1030,1167,1293,1520
Kingston upon Thames,Violence Against the Person,Murder,0,1,0,1,2,1,3,0,1,2,3
Kingston upon Thames,Violence Against the Person,Offensive Weapon,66,29,38,57,31,30,40,45,49,73,76
Kingston upon Thames,Violence Against the Person,Other violence,115,102,81,94,58,76,66,106,106,176,172
Kingston upon Thames,Violence Against the Person,Wounding/GBH,106,0,72,174,131,244,296,345,319,342,329
Lambeth,Burglary,Burglary in a Dwelling,2485,3048,2410,2807,2561,2626,1994,1624,2033,2012,2377
Lambeth,Burglary,Burglary in Other Buildings,874,874,882,1002,1075,1288,1053,952,1068,1268,1558
Lambeth,Criminal Damage,Criminal Damage To Dwelling,1163,1158,1005,953,741,723,650,614,691,702,537
Lambeth,Criminal Damage,Criminal Damage To Motor Vehicle,1504,1394,1295,1130,980,947,958,1051,979,930,889
Lambeth,Criminal Damage,Criminal Damage To Other Building,393,391,353,307,270,291,318,346,328,326,247
Lambeth,Criminal Damage,Other Criminal Damage,696,662,630,688,538,478,649,686,780,671,738
Lambeth,Drugs,Drug Trafficking,205,210,176,269,184,190,252,279,255,209,163
Lambeth,Drugs,Other Drugs,43,25,28,24,15,18,33,44,37,21,23
Lambeth,Drugs,Possession Of Drugs,4054,3241,2991,2821,2183,1745,2385,2391,2496,2095,1961
Lambeth,Fraud or Forgery,Counted per Victim,571,497,681,754,676,63,0,0,0,0,0
Lambeth,Fraud or Forgery,Other Fraud & Forgery,419,529,500,481,419,96,51,55,45,67,43
Lambeth,Other Notifiable Offences,Going Equipped,50,44,19,25,32,25,38,39,44,24,24
Lambeth,Other Notifiable Offences,Other Notifiable,586,530,473,386,397,411,577,644,625,681,646
Lambeth,Robbery,Business Property,176,256,224,242,177,130,84,111,91,94,88
Lambeth,Robbery,Personal Property,2001,2111,2415,2871,2555,2335,1326,1092,1136,1419,1266
Lambeth,Sexual Offences,Other Sexual,355,362,353,331,320,313,431,571,548,566,595
Lambeth,Sexual Offences,Rape,133,175,206,187,166,184,293,304,314,355,432
Lambeth,Theft and Handling,Handling Stolen Goods,114,78,96,124,85,100,102,72,98,82,54
Lambeth,Theft and Handling,Motor Vehicle Interference & Tampering,70,49,46,58,179,153,344,525,484,0,0
Lambeth,Theft and Handling,Other Theft,4949,4550,5079,5550,6163,5178,5064,5182,4945,5002,5087
Lambeth,Theft and Handling,Other Theft Person,1676,1712,2119,2900,3694,3598,2109,1962,2121,2164,1968
Lambeth,Theft and Handling,Theft From Motor Vehicle,2373,2175,2612,2640,2514,2306,2140,2049,1934,1669,2410
Lambeth,Theft and Handling,Theft From Shops,858,946,980,782,788,864,1176,1465,1558,1515,1194
Lambeth,Theft and Handling,Theft/Taking Of Motor Vehicle,1093,1041,940,994,958,787,875,859,1127,1040,882
Lambeth,Theft and Handling,Theft/Taking of Pedal Cycle,990,1320,1138,1336,1229,1264,1092,1022,1087,1186,1028
Lambeth,Violence Against the Person,Assault with Injury,2620,2713,2616,2463,2468,1915,2282,2321,2391,2360,2222
Lambeth,Violence Against the Person,Common Assault,1871,1938,2110,1985,1756,1740,2381,2880,2798,2939,2859
Lambeth,Violence Against the Person,Grievous Bodily Harm,258,562,391,0,0,0,0,0,0,0,0
Lambeth,Violence Against the Person,Harassment,1801,1717,1738,1577,1829,1815,2647,3339,3246,3292,3474
Lambeth,Violence Against the Person,Murder,14,8,8,11,3,6,3,5,0,4,6
Lambeth,Violence Against the Person,Offensive Weapon,425,301,300,258,171,219,267,335,381,475,434
Lambeth,Violence Against the Person,Other violence,609,467,412,387,350,342,358,475,544,502,587
Lambeth,Violence Against the Person,Wounding/GBH,275,0,235,552,443,913,1160,1235,1258,1291,1161
Lewisham,Burglary,Burglary in a Dwelling,1901,2109,2211,2300,2277,2537,1647,1454,1421,1730,2075
Lewisham,Burglary,Burglary in Other Buildings,915,1010,956,948,1029,766,684,692,658,962,992
Lewisham,Criminal Damage,Criminal Damage To Dwelling,1153,1258,1068,874,724,632,610,635,587,655,582
Lewisham,Criminal Damage,Criminal Damage To Motor Vehicle,1777,1498,1379,1165,971,889,834,986,950,887,809
Lewisham,Criminal Damage,Criminal Damage To Other Building,306,259,218,251,194,222,214,217,200,195,164
Lewisham,Criminal Damage,Other Criminal Damage,717,779,693,652,548,468,531,630,631,619,685
Lewisham,Drugs,Drug Trafficking,172,193,124,163,146,165,158,174,163,142,142
Lewisham,Drugs,Other Drugs,8,9,19,22,12,15,14,17,17,14,6
Lewisham,Drugs,Possession Of Drugs,2595,2470,2339,2042,1328,1560,1160,1420,1483,1134,1128
Lewisham,Fraud or Forgery,Counted per Victim,1150,933,1037,1137,571,45,0,0,0,0,0
Lewisham,Fraud or Forgery,Other Fraud & Forgery,483,470,478,416,385,59,36,38,43,49,48
Lewisham,Other Notifiable Offences,Going Equipped,22,17,16,19,18,22,10,12,26,11,17
Lewisham,Other Notifiable Offences,Other Notifiable,457,551,567,435,341,335,384,433,495,477,586
Lewisham,Robbery,Business Property,157,138,139,123,117,115,58,73,87,105,96
Lewisham,Robbery,Personal Property,1224,1168,1353,1591,1232,1172,736,750,786,897,948
Lewisham,Sexual Offences,Other Sexual,290,243,238,288,291,273,344,389,424,424,427
Lewisham,Sexual Offences,Rape,111,111,141,142,132,170,225,226,274,285,332
Lewisham,Theft and Handling,Handling Stolen Goods,78,61,54,55,67,72,60,67,72,56,40
Lewisham,Theft and Handling,Motor Vehicle Interference & Tampering,227,177,171,150,131,130,168,292,316,0,0
Lewisham,Theft and Handling,Other Theft,2844,2586,2746,3130,3678,2848,2812,2849,2753,2784,2712
Lewisham,Theft and Handling,Other Theft Person,828,731,801,778,740,784,599,524,607,556,511
Lewisham,Theft and Handling,Theft From Motor Vehicle,2729,2189,2372,2099,2173,1613,1434,1505,1436,1461,1858
Lewisham,Theft and Handling,Theft From Shops,1253,1338,1456,1155,936,882,1082,1172,1335,1147,1183
Lewisham,Theft and Handling,Theft/Taking Of Motor Vehicle,1262,933,1000,946,872,730,654,901,865,965,1013
Lewisham,Theft and Handling,Theft/Taking of Pedal Cycle,304,581,487,532,499,348,391,333,372,374,376
Lewisham,Violence Against the Person,Assault with Injury,2821,2326,2231,2086,1917,1609,1757,1811,1960,1892,1840
Lewisham,Violence Against the Person,Common Assault,1998,1937,1767,1629,1515,1547,1993,2391,2421,2489,2353
Lewisham,Violence Against the Person,Grievous Bodily Harm,133,420,189,0,0,0,0,0,0,0,0
Lewisham,Violence Against the Person,Harassment,2891,2699,2075,1973,1752,1739,2060,2824,2932,2974,3379
Lewisham,Violence Against the Person,Murder,5,7,8,5,6,4,3,3,5,4,5
Lewisham,Violence Against the Person,Offensive Weapon,273,230,225,205,138,172,153,222,270,294,282
Lewisham,Violence Against the Person,Other violence,437,394,301,321,303,327,273,373,411,504,471
Lewisham,Violence Against the Person,Wounding/GBH,205,0,129,284,281,629,754,872,928,1039,961
Merton,Burglary,Burglary in a Dwelling,1085,1113,1207,1455,1333,1134,1033,922,937,1192,1276
Merton,Burglary,Burglary in Other Buildings,756,784,864,956,703,657,656,516,490,490,540
Merton,Criminal Damage,Criminal Damage To Dwelling,532,521,450,428,343,281,284,340,308,255,244
Merton,Criminal Damage,Criminal Damage To Motor Vehicle,1068,977,790,766,559,568,563,609,657,589,459
Merton,Criminal Damage,Criminal Damage To Other Building,212,199,198,162,139,134,138,128,99,85,89
Merton,Criminal Damage,Other Criminal Damage,397,412,376,333,287,234,282,359,356,354,368
Merton,Drugs,Drug Trafficking,67,57,57,60,100,82,51,30,41,51,17
Merton,Drugs,Other Drugs,8,5,7,13,7,2,1,2,4,3,2
Merton,Drugs,Possession Of Drugs,872,794,891,925,747,557,517,455,427,549,458
Merton,Fraud or Forgery,Counted per Victim,536,359,367,400,309,27,0,0,0,0,0
Merton,Fraud or Forgery,Other Fraud & Forgery,196,208,157,172,218,36,15,17,21,32,24
Merton,Other Notifiable Offences,Going Equipped,6,9,14,15,7,12,11,9,9,16,12
Merton,Other Notifiable Offences,Other Notifiable,211,185,119,95,153,147,160,199,243,255,306
Merton,Robbery,Business Property,92,78,74,66,42,23,21,27,29,30,47
Merton,Robbery,Personal Property,437,481,491,584,530,411,267,238,256,326,342
Merton,Sexual Offences,Other Sexual,163,134,147,133,117,148,136,177,199,221,242
Merton,Sexual Offences,Rape,54,35,79,70,43,70,84,94,112,135,110
Merton,Theft and Handling,Handling Stolen Goods,36,37,44,46,56,43,33,28,22,21,16
Merton,Theft and Handling,Motor Vehicle Interference & Tampering,59,69,87,60,103,92,161,179,213,0,0
Merton,Theft and Handling,Other Theft,1612,1532,1690,1601,1974,1757,1610,1700,1569,1464,1479
Merton,Theft and Handling,Other Theft Person,261,282,325,278,326,373,247,267,223,229,238
Merton,Theft and Handling,Theft From Motor Vehicle,1047,1161,1311,1402,1520,1272,1091,907,961,984,1073
Merton,Theft and Handling,Theft From Shops,873,872,919,829,780,775,726,844,916,1042,997
Merton,Theft and Handling,Theft/Taking Of Motor Vehicle,570,522,565,478,379,288,402,385,669,570,571
Merton,Theft and Handling,Theft/Taking of Pedal Cycle,358,442,390,563,332,395,371,299,371,485,378
Merton,Violence Against the Person,Assault with Injury,1320,1265,1099,942,850,663,792,931,947,986,913
Merton,Violence Against the Person,Common Assault,899,832,837,731,684,663,874,1121,1087,1198,1213
Merton,Violence Against the Person,Grievous Bodily Harm,86,224,73,0,0,0,0,0,0,0,0
Merton,Violence Against the Person,Harassment,1015,961,699,593,774,716,893,1281,1386,1487,1678
Merton,Violence Against the Person,Murder,5,1,0,1,1,1,0,2,1,3,2
Merton,Violence Against the Person,Offensive Weapon,127,93,93,83,62,47,49,59,86,107,97
Merton,Violence Against the Person,Other violence,186,142,128,112,95,140,112,157,181,186,169
Merton,Violence Against the Person,Wounding/GBH,64,0,45,109,113,252,337,378,407,434,431
Newham,Burglary,Burglary in a Dwelling,2107,2199,2337,2105,2012,2070,1739,1468,1209,1536,1751
Newham,Burglary,Burglary in Other Buildings,1228,1301,1299,1142,1075,849,750,812,893,1230,1358
Newham,Criminal Damage,Criminal Damage To Dwelling,1083,1118,1052,861,700,570,576,546,550,557,560
Newham,Criminal Damage,Criminal Damage To Motor Vehicle,1919,1524,1260,938,904,826,892,981,1026,964,873
Newham,Criminal Damage,Criminal Damage To Other Building,289,297,290,215,238,207,216,226,237,215,214
Newham,Criminal Damage,Other Criminal Damage,754,738,696,606,537,487,551,650,689,678,752
Newham,Drugs,Drug Trafficking,125,115,129,116,102,127,134,164,188,229,133
Newham,Drugs,Other Drugs,6,8,18,6,9,14,10,6,8,7,6
Newham,Drugs,Possession Of Drugs,2583,2471,2827,2206,1790,1499,1605,1540,1518,1925,1925
Newham,Fraud or Forgery,Counted per Victim,1292,961,896,971,1018,109,0,0,0,0,0
Newham,Fraud or Forgery,Other Fraud & Forgery,534,682,664,683,777,99,30,46,47,46,62
Newham,Other Notifiable Offences,Going Equipped,14,13,21,25,19,20,30,23,23,39,35
Newham,Other Notifiable Offences,Other Notifiable,436,399,449,425,446,408,556,586,670,689,694
Newham,Robbery,Business Property,227,193,180,128,120,98,83,85,96,119,119
Newham,Robbery,Personal Property,1564,1890,2202,2277,2216,2051,1556,1325,1403,1934,1701
Newham,Sexual Offences,Other Sexual,210,291,296,258,226,293,361,513,464,515,540
Newham,Sexual Offences,Rape,118,124,191,173,161,219,240,298,279,358,400
Newham,Theft and Handling,Handling Stolen Goods,124,102,73,77,56,65,90,83,78,67,74
Newham,Theft and Handling,Motor Vehicle Interference & Tampering,182,145,323,366,203,204,314,461,542,0,0
Newham,Theft and Handling,Other Theft,3270,3052,3788,3636,4899,4148,4103,4105,3910,4273,4567
Newham,Theft and Handling,Other Theft Person,1091,1282,1525,1533,2365,2205,1586,1467,1408,1513,1958
Newham,Theft and Handling,Theft From Motor Vehicle,4835,4401,4404,3367,3013,3055,2309,2423,2668,2866,3122
Newham,Theft and Handling,Theft From Shops,1175,1109,1178,1194,1416,1314,1639,1608,1912,2329,2299
Newham,Theft and Handling,Theft/Taking Of Motor Vehicle,1544,1204,1432,1574,1102,1046,1104,896,1058,1417,1456
Newham,Theft and Handling,Theft/Taking of Pedal Cycle,360,436,521,526,648,428,404,483,526,550,569
Newham,Violence Against the Person,Assault with Injury,2773,2655,2578,2210,2179,1619,1969,2146,2060,2104,2119
Newham,Violence Against the Person,Common Assault,1994,2229,2261,2087,2045,1876,2415,2755,2788,3110,3222
Newham,Violence Against the Person,Grievous Bodily Harm,212,615,276,0,0,0,0,0,0,0,0
Newham,Violence Against the Person,Harassment,1489,1347,1379,1319,1568,1425,1968,2687,2812,3133,3294
Newham,Violence Against the Person,Murder,5,8,14,3,3,7,5,5,6,11,4
Newham,Violence Against the Person,Offensive Weapon,351,225,224,204,149,163,159,209,254,383,326
Newham,Violence Against the Person,Other violence,249,239,310,276,356,364,376,496,615,591,708
Newham,Violence Against the Person,Wounding/GBH,236,0,194,403,387,734,1056,1182,1230,1164,1100
Redbridge,Burglary,Burglary in a Dwelling,2329,2668,2645,3096,2715,2360,2077,1745,1517,2398,2344
Redbridge,Burglary,Burglary in Other Buildings,973,780,719,694,683,630,558,500,473,1185,1100
Redbridge,Criminal Damage,Criminal Damage To Dwelling,559,536,571,551,424,301,352,325,305,368,326
Redbridge,Criminal Damage,Criminal Damage To Motor Vehicle,1409,1238,1125,1213,772,685,749,690,797,836,601
Redbridge,Criminal Damage,Criminal Damage To Other Building,239,223,217,175,156,138,140,165,115,166,116
Redbridge,Criminal Damage,Other Criminal Damage,494,523,420,423,393,382,383,457,446,459,567
Redbridge,Drugs,Drug Trafficking,78,74,117,172,68,74,82,83,72,68,56
Redbridge,Drugs,Other Drugs,3,5,6,7,4,6,6,8,2,3,1
Redbridge,Drugs,Possession Of Drugs,2181,2232,1974,2237,1929,1752,1486,1202,946,683,613
Redbridge,Fraud or Forgery,Counted per Victim,1687,1179,1198,1169,616,81,0,0,0,0,0
Redbridge,Fraud or Forgery,Other Fraud & Forgery,280,356,358,314,346,81,22,33,34,26,22
Redbridge,Other Notifiable Offences,Going Equipped,7,11,9,21,22,14,15,10,6,9,7
Redbridge,Other Notifiable Offences,Other Notifiable,226,233,212,263,278,295,395,402,415,428,408
Redbridge,Robbery,Business Property,139,133,115,102,108,61,63,61,40,68,68
Redbridge,Robbery,Personal Property,880,840,818,1081,968,844,679,599,559,821,1006
Redbridge,Sexual Offences,Other Sexual,208,175,172,169,160,196,329,333,359,315,316
Redbridge,Sexual Offences,Rape,60,57,89,103,90,127,138,154,184,243,227
Redbridge,Theft and Handling,Handling Stolen Goods,70,58,47,45,48,66,49,39,24,32,25
Redbridge,Theft and Handling,Motor Vehicle Interference & Tampering,182,148,193,182,240,244,262,255,357,0,0
Redbridge,Theft and Handling,Other Theft,2140,2212,2359,2519,2963,2721,2605,2429,2472,2527,2497
Redbridge,Theft and Handling,Other Theft Person,574,617,601,634,712,616,460,521,521,748,822
Redbridge,Theft and Handling,Theft From Motor Vehicle,2730,2732,3057,2928,2696,2389,1614,1716,1743,2327,2196
Redbridge,Theft and Handling,Theft From Shops,1293,1359,1032,1079,935,876,906,935,1160,1167,1060
Redbridge,Theft and Handling,Theft/Taking Of Motor Vehicle,1249,1249,1550,1520,1146,1047,1031,787,1000,1491,1552
Redbridge,Theft and Handling,Theft/Taking of Pedal Cycle,141,180,203,303,276,185,171,158,182,216,182
Redbridge,Violence Against the Person,Assault with Injury,1552,1531,1417,1367,1374,1180,1368,1315,1347,1397,1401
Redbridge,Violence Against the Person,Common Assault,903,955,979,988,1064,1093,1557,1728,1861,1995,2134
Redbridge,Violence Against the Person,Grievous Bodily Harm,122,285,124,0,0,0,0,0,0,0,0
Redbridge,Violence Against the Person,Harassment,1024,1143,1336,1104,1314,1250,1769,1898,2142,2314,2563
Redbridge,Violence Against the Person,Murder,4,1,2,3,4,2,3,6,2,3,5
Redbridge,Violence Against the Person,Offensive Weapon,147,116,118,132,67,94,102,107,112,135,154
Redbridge,Violence Against the Person,Other violence,268,208,168,134,174,273,258,257,332,302,430
Redbridge,Violence Against the Person,Wounding/GBH,152,0,69,155,170,399,686,640,660,718,715
Richmond upon Thames,Burglary,Burglary in a Dwelling,1029,892,1042,1034,1030,988,833,760,760,1394,1330
Richmond upon Thames,Burglary,Burglary in Other Buildings,897,841,917,1059,980,936,922,677,595,856,760
Richmond upon Thames,Criminal Damage,Criminal Damage To Dwelling,342,263,270,264,213,186,207,209,207,197,192
Richmond upon Thames,Criminal Damage,Criminal Damage To Motor Vehicle,813,777,727,679,605,558,502,483,524,525,488
Richmond upon Thames,Criminal Damage,Criminal Damage To Other Building,216,221,198,150,134,143,124,109,138,113,97
Richmond upon Thames,Criminal Damage,Other Criminal Damage,301,364,296,318,254,267,254,277,283,316,317
Richmond upon Thames,Drugs,Drug Trafficking,30,38,35,17,28,33,37,19,23,31,10
Richmond upon Thames,Drugs,Other Drugs,1,1,1,3,0,0,0,1,0,1,1
Richmond upon Thames,Drugs,Possession Of Drugs,755,625,530,573,547,646,433,392,312,364,261
Richmond upon Thames,Fraud or Forgery,Counted per Victim,215,291,386,390,265,27,0,0,0,0,0
Richmond upon Thames,Fraud or Forgery,Other Fraud & Forgery,94,173,164,170,158,31,17,24,18,29,12
Richmond upon Thames,Other Notifiable Offences,Going Equipped,9,6,40,20,14,12,7,8,9,11,7
Richmond upon Thames,Other Notifiable Offences,Other Notifiable,132,109,103,113,145,137,193,213,207,195,202
Richmond upon Thames,Robbery,Business Property,24,28,13,14,19,8,11,15,10,16,15
Richmond upon Thames,Robbery,Personal Property,216,205,163,192,213,197,121,136,94,216,343
Richmond upon Thames,Sexual Offences,Other Sexual,121,97,121,118,121,89,143,168,187,240,204
Richmond upon Thames,Sexual Offences,Rape,18,31,25,45,37,39,58,68,101,124,78
Richmond upon Thames,Theft and Handling,Handling Stolen Goods,33,21,25,24,19,23,21,13,12,11,5
Richmond upon Thames,Theft and Handling,Motor Vehicle Interference & Tampering,118,92,107,120,133,93,192,205,318,0,0
Richmond upon Thames,Theft and Handling,Other Theft,1441,1417,1480,1631,1726,1497,1461,1289,1404,1343,1267
Richmond upon Thames,Theft and Handling,Other Theft Person,161,196,188,192,227,225,181,200,201,228,238
Richmond upon Thames,Theft and Handling,Theft From Motor Vehicle,1260,1188,1018,1249,1279,1035,1011,857,1005,1382,1392
Richmond upon Thames,Theft and Handling,Theft From Shops,643,749,679,696,599,655,662,663,664,653,545
Richmond upon Thames,Theft and Handling,Theft/Taking Of Motor Vehicle,393,300,260,315,398,282,372,375,517,585,506
Richmond upon Thames,Theft and Handling,Theft/Taking of Pedal Cycle,649,644,655,643,693,732,547,682,668,933,844
Richmond upon Thames,Violence Against the Person,Assault with Injury,640,681,755,649,616,478,575,583,638,728,687
Richmond upon Thames,Violence Against the Person,Common Assault,526,513,555,575,543,508,590,756,818,864,902
Richmond upon Thames,Violence Against the Person,Grievous Bodily Harm,55,101,59,0,0,0,0,0,0,0,0
Richmond upon Thames,Violence Against the Person,Harassment,539,691,744,541,770,630,899,1114,1327,1413,1477
Richmond upon Thames,Violence Against the Person,Murder,0,0,0,0,1,1,2,0,0,0,3
Richmond upon Thames,Violence Against the Person,Offensive Weapon,65,42,30,37,22,29,33,21,34,59,62
Richmond upon Thames,Violence Against the Person,Other violence,98,98,93,63,58,66,72,134,104,127,129
Richmond upon Thames,Violence Against the Person,Wounding/GBH,48,0,38,90,76,205,237,282,270,283,315
Southwark,Burglary,Burglary in a Dwelling,2195,1905,2037,2157,1952,1924,1550,1528,1503,2067,2121
Southwark,Burglary,Burglary in Other Buildings,1371,1438,1226,1255,1323,1540,1296,1459,1433,1617,1472
Southwark,Criminal Damage,Criminal Damage To Dwelling,1096,900,916,880,648,637,632,642,624,608,566
Southwark,Criminal Damage,Criminal Damage To Motor Vehicle,1599,1283,1064,1153,889,861,855,939,944,895,787
Southwark,Criminal Damage,Criminal Damage To Other Building,349,363,360,361,272,337,324,343,346,297,264
Southwark,Criminal Damage,Other Criminal Damage,678,724,770,784,588,558,658,664,717,716,753
Southwark,Drugs,Drug Trafficking,319,284,394,253,168,269,289,189,113,125,85
Southwark,Drugs,Other Drugs,34,25,34,20,16,13,29,17,15,21,13
Southwark,Drugs,Possession Of Drugs,4696,4406,4477,3266,2293,2474,2510,2115,1719,2011,1797
Southwark,Fraud or Forgery,Counted per Victim,1625,1001,839,655,603,68,0,0,0,0,0
Southwark,Fraud or Forgery,Other Fraud & Forgery,716,579,486,379,434,72,40,36,42,65,53
Southwark,Other Notifiable Offences,Going Equipped,44,41,29,25,21,20,18,19,23,17,17
Southwark,Other Notifiable Offences,Other Notifiable,612,712,695,494,517,460,494,461,501,531,613
Southwark,Robbery,Business Property,180,205,147,152,169,159,106,96,58,126,124
Southwark,Robbery,Personal Property,1746,1761,2130,2296,2424,2176,1202,1133,1271,1677,1680
Southwark,Sexual Offences,Other Sexual,301,313,302,319,304,290,355,451,442,547,559
Southwark,Sexual Offences,Rape,111,146,165,207,132,182,233,235,296,321,346
Southwark,Theft and Handling,Handling Stolen Goods,129,113,82,101,74,98,72,67,58,50,52
Southwark,Theft and Handling,Motor Vehicle Interference & Tampering,155,165,155,138,154,165,335,423,526,0,0
Southwark,Theft and Handling,Other Theft,5209,4386,4878,5349,5525,5366,4731,4858,4822,4667,5522
Southwark,Theft and Handling,Other Theft Person,1439,1386,1739,1939,2464,2798,1285,1507,1812,2290,2074
Southwark,Theft and Handling,Theft From Motor Vehicle,3398,2113,2156,2291,1820,1988,1713,1627,1885,1491,2255
Southwark,Theft and Handling,Theft From Shops,1224,1201,1259,1168,1166,1220,1224,1428,1506,1433,1441
Southwark,Theft and Handling,Theft/Taking Of Motor Vehicle,1168,1035,1072,1100,881,989,978,883,1091,1036,1019
Southwark,Theft and Handling,Theft/Taking of Pedal Cycle,1127,1492,1304,1467,1378,1282,1100,1129,1250,1608,1305
Southwark,Violence Against the Person,Assault with Injury,2781,2828,2841,2428,2218,1709,1975,2019,2112,2176,2155
Southwark,Violence Against the Person,Common Assault,1942,2121,2189,1907,1652,1673,2134,2579,2604,2581,2915
Southwark,Violence Against the Person,Grievous Bodily Harm,327,697,327,0,0,0,0,0,0,0,0
Southwark,Violence Against the Person,Harassment,2773,2324,1987,1381,1701,1707,2204,2717,2998,3149,3551
Southwark,Violence Against the Person,Murder,13,8,6,7,6,2,2,4,6,11,10
Southwark,Violence Against the Person,Offensive Weapon,420,284,304,196,206,170,163,208,272,426,417
Southwark,Violence Against the Person,Other violence,485,527,425,312,358,323,315,409,460,432,549
Southwark,Violence Against the Person,Wounding/GBH,288,0,157,410,403,736,1048,1025,1053,1133,1148
Sutton,Burglary,Burglary in a Dwelling,859,789,755,750,881,785,800,626,736,858,960
Sutton,Burglary,Burglary in Other Buildings,803,729,843,878,660,643,606,648,494,540,526
Sutton,Criminal Damage,Criminal Damage To Dwelling,571,460,417,339,287,237,223,250,231,222,209
Sutton,Criminal Damage,Criminal Damage To Motor Vehicle,1154,1086,902,738,624,577,611,620,648,568,541
Sutton,Criminal Damage,Criminal Damage To Other Building,353,267,230,176,183,153,127,139,120,103,85
Sutton,Criminal Damage,Other Criminal Damage,383,366,360,322,261,272,301,319,318,339,347
Sutton,Drugs,Drug Trafficking,48,42,47,40,70,63,37,50,50,29,19
Sutton,Drugs,Other Drugs,4,0,6,0,1,9,4,5,2,5,6
Sutton,Drugs,Possession Of Drugs,466,499,531,532,489,416,417,452,419,380,322
Sutton,Fraud or Forgery,Counted per Victim,356,355,311,347,184,16,0,0,0,0,0
Sutton,Fraud or Forgery,Other Fraud & Forgery,102,87,74,65,105,17,7,9,9,22,6
Sutton,Other Notifiable Offences,Going Equipped,8,7,9,14,12,4,8,7,7,11,7
Sutton,Other Notifiable Offences,Other Notifiable,160,142,115,88,156,137,136,183,254,249,280
Sutton,Robbery,Business Property,70,55,51,43,44,34,17,20,19,33,33
Sutton,Robbery,Personal Property,266,285,259,263,266,216,183,146,147,233,289
Sutton,Sexual Offences,Other Sexual,157,134,104,153,153,155,186,155,205,227,186
Sutton,Sexual Offences,Rape,38,52,63,62,40,68,100,88,108,165,134
Sutton,Theft and Handling,Handling Stolen Goods,46,33,33,39,22,27,24,23,26,22,17
Sutton,Theft and Handling,Motor Vehicle Interference & Tampering,117,145,161,102,129,101,119,204,213,0,0
Sutton,Theft and Handling,Other Theft,1611,1273,1471,1560,1472,1311,1387,1188,1126,1166,1240
Sutton,Theft and Handling,Other Theft Person,300,311,230,156,201,190,136,161,143,173,173
Sutton,Theft and Handling,Theft From Motor Vehicle,1586,1635,1737,1265,1381,1302,1012,729,705,938,1003
Sutton,Theft and Handling,Theft From Shops,909,1029,1050,1031,852,842,744,782,792,841,779
Sutton,Theft and Handling,Theft/Taking Of Motor Vehicle,591,419,401,344,202,260,265,251,386,504,398
Sutton,Theft and Handling,Theft/Taking of Pedal Cycle,244,239,208,201,129,135,166,101,118,139,125
Sutton,Violence Against the Person,Assault with Injury,1136,1122,954,902,939,741,870,867,930,1040,954
Sutton,Violence Against the Person,Common Assault,713,780,714,755,783,615,879,1017,993,1116,1156
Sutton,Violence Against the Person,Grievous Bodily Harm,74,168,75,0,0,0,0,0,0,0,0
Sutton,Violence Against the Person,Harassment,365,417,394,436,712,682,934,1267,1326,1544,1650
Sutton,Violence Against the Person,Murder,3,3,3,1,2,1,0,0,1,0,0
Sutton,Violence Against the Person,Offensive Weapon,109,93,66,69,43,40,44,55,58,74,102
Sutton,Violence Against the Person,Other violence,138,115,107,110,91,81,123,139,140,151,155
Sutton,Violence Against the Person,Wounding/GBH,81,0,42,86,101,232,321,376,306,366,390
Tower Hamlets,Burglary,Burglary in a Dwelling,1273,1040,1119,1528,1377,1450,1212,1259,1348,1947,2332
Tower Hamlets,Burglary,Burglary in Other Buildings,1205,1067,1261,1221,1327,1316,1152,1313,1489,1360,1393
Tower Hamlets,Criminal Damage,Criminal Damage To Dwelling,793,815,735,646,548,496,525,524,489,497,516
Tower Hamlets,Criminal Damage,Criminal Damage To Motor Vehicle,1343,1132,1048,921,840,748,830,924,820,905,731
Tower Hamlets,Criminal Damage,Criminal Damage To Other Building,393,360,370,335,322,272,284,327,298,287,211
Tower Hamlets,Criminal Damage,Other Criminal Damage,708,748,676,593,572,581,628,685,782,742,701
Tower Hamlets,Drugs,Drug Trafficking,224,233,381,296,198,139,136,120,160,132,125
Tower Hamlets,Drugs,Other Drugs,10,15,10,15,12,11,10,9,13,2,13
Tower Hamlets,Drugs,Possession Of Drugs,2899,3000,2837,3185,3245,3017,2115,1722,1483,1389,1959
Tower Hamlets,Fraud or Forgery,Counted per Victim,710,873,773,952,690,73,0,0,0,0,0
Tower Hamlets,Fraud or Forgery,Other Fraud & Forgery,331,371,350,483,405,57,21,23,33,37,46
Tower Hamlets,Other Notifiable Offences,Going Equipped,30,30,32,32,26,25,14,31,34,28,34
Tower Hamlets,Other Notifiable Offences,Other Notifiable,444,410,366,419,783,484,518,593,672,682,741
Tower Hamlets,Robbery,Business Property,80,50,43,109,65,81,69,53,97,70,77
Tower Hamlets,Robbery,Personal Property,1046,869,991,1353,1375,1222,1083,1083,1164,1448,1472
Tower Hamlets,Sexual Offences,Other Sexual,262,222,265,292,271,262,343,352,470,446,471
Tower Hamlets,Sexual Offences,Rape,63,77,110,144,125,135,195,211,267,304,321
Tower Hamlets,Theft and Handling,Handling Stolen Goods,109,81,61,84,64,67,74,73,116,67,38
Tower Hamlets,Theft and Handling,Motor Vehicle Interference & Tampering,102,111,86,90,109,126,242,393,297,0,0
Tower Hamlets,Theft and Handling,Other Theft,4006,3768,4074,4362,4508,4175,3651,3637,3732,3936,4238
Tower Hamlets,Theft and Handling,Other Theft Person,915,1073,1284,1585,1786,1650,1271,1415,1770,1685,1763
Tower Hamlets,Theft and Handling,Theft From Motor Vehicle,2712,1838,1832,2211,1723,1777,1534,1607,1498,1856,2099
Tower Hamlets,Theft and Handling,Theft From Shops,670,705,698,736,695,822,893,1065,1353,1304,1068
Tower Hamlets,Theft and Handling,Theft/Taking Of Motor Vehicle,904,798,846,883,840,812,963,1070,1140,1185,1073
Tower Hamlets,Theft and Handling,Theft/Taking of Pedal Cycle,1110,1286,1421,1214,1560,1292,1276,1131,1336,1665,1446
Tower Hamlets,Violence Against the Person,Assault with Injury,1965,1886,1998,1590,1831,1640,1770,1883,1899,1840,1852
Tower Hamlets,Violence Against the Person,Common Assault,1649,1747,1903,1776,1778,1728,2316,2537,2691,2771,2992
Tower Hamlets,Violence Against the Person,Grievous Bodily Harm,221,498,241,0,0,0,0,0,0,0,0
Tower Hamlets,Violence Against the Person,Harassment,1751,1680,1772,1539,1839,1949,2297,2995,3636,3723,4081
Tower Hamlets,Violence Against the Person,Murder,7,8,6,9,3,4,3,5,5,6,3
Tower Hamlets,Violence Against the Person,Offensive Weapon,192,168,149,179,131,122,135,166,222,295,324
Tower Hamlets,Violence Against the Person,Other violence,174,188,184,181,229,366,263,389,356,417,427
Tower Hamlets,Violence Against the Person,Wounding/GBH,237,0,134,448,336,630,900,998,968,1003,1064
Waltham Forest,Burglary,Burglary in a Dwelling,1994,2351,2430,2418,2069,1893,1755,1396,1294,1807,1733
Waltham Forest,Burglary,Burglary in Other Buildings,1207,1097,1025,946,893,816,712,840,577,1042,979
Waltham Forest,Criminal Damage,Criminal Damage To Dwelling,756,732,651,651,493,451,431,452,470,450,369
Waltham Forest,Criminal Damage,Criminal Damage To Motor Vehicle,1654,1404,1058,948,826,784,706,806,792,786,594
Waltham Forest,Criminal Damage,Criminal Damage To Other Building,267,282,252,219,209,155,125,198,150,160,142
Waltham Forest,Criminal Damage,Other Criminal Damage,550,601,655,575,454,421,483,540,580,574,566
Waltham Forest,Drugs,Drug Trafficking,141,322,133,144,124,136,150,116,77,75,89
Waltham Forest,Drugs,Other Drugs,2,6,4,2,4,8,8,16,6,8,3
Waltham Forest,Drugs,Possession Of Drugs,2098,1913,1727,1193,1170,1578,1238,1341,954,809,1065
Waltham Forest,Fraud or Forgery,Counted per Victim,762,902,956,630,723,73,0,0,0,0,0
Waltham Forest,Fraud or Forgery,Other Fraud & Forgery,341,566,614,557,436,49,29,34,52,41,33
Waltham Forest,Other Notifiable Offences,Going Equipped,12,25,21,14,18,14,13,8,9,9,14
Waltham Forest,Other Notifiable Offences,Other Notifiable,283,332,287,262,290,315,375,410,453,385,479
Waltham Forest,Robbery,Business Property,142,163,134,137,93,85,66,47,57,72,70
Waltham Forest,Robbery,Personal Property,1332,1430,1589,1636,1276,902,648,604,548,763,906
Waltham Forest,Sexual Offences,Other Sexual,176,204,188,192,189,249,276,315,354,367,309
Waltham Forest,Sexual Offences,Rape,46,95,105,124,84,114,140,162,154,242,202
Waltham Forest,Theft and Handling,Handling Stolen Goods,97,67,53,40,40,49,47,37,33,21,33
Waltham Forest,Theft and Handling,Motor Vehicle Interference & Tampering,69,105,198,223,241,227,186,291,306,0,0
Waltham Forest,Theft and Handling,Other Theft,2167,2234,3172,3039,3757,3205,3047,2828,2709,2679,2826
Waltham Forest,Theft and Handling,Other Theft Person,756,761,921,821,943,907,617,557,654,698,895
Waltham Forest,Theft and Handling,Theft From Motor Vehicle,3000,3298,2868,2825,2765,2638,1653,1685,1538,1889,2248
Waltham Forest,Theft and Handling,Theft From Shops,938,1227,1213,924,804,1031,914,1028,1162,1012,904
Waltham Forest,Theft and Handling,Theft/Taking Of Motor Vehicle,1154,1004,1181,1705,1110,941,808,696,697,1103,1078
Waltham Forest,Theft and Handling,Theft/Taking of Pedal Cycle,335,518,442,480,429,365,286,262,374,451,413
Waltham Forest,Violence Against the Person,Assault with Injury,1920,1861,1924,1807,1717,1470,1607,1704,1712,1457,1486
Waltham Forest,Violence Against the Person,Common Assault,1456,1383,1357,1317,1257,1313,1529,1772,2038,2050,2105
Waltham Forest,Violence Against the Person,Grievous Bodily Harm,137,328,113,0,0,0,0,0,0,0,0
Waltham Forest,Violence Against the Person,Harassment,1385,1889,1640,1313,1414,1463,1837,2247,2454,2445,2737
Waltham Forest,Violence Against the Person,Murder,8,5,5,5,5,3,3,3,2,2,7
Waltham Forest,Violence Against the Person,Offensive Weapon,194,142,130,116,120,122,150,172,172,229,212
Waltham Forest,Violence Against the Person,Other violence,296,245,253,198,235,302,319,340,370,387,420
Waltham Forest,Violence Against the Person,Wounding/GBH,152,0,111,295,246,561,733,736,712,795,733
Wandsworth,Burglary,Burglary in a Dwelling,1882,1993,1832,1925,1957,1693,1485,1254,1348,1797,2138
Wandsworth,Burglary,Burglary in Other Buildings,1089,1108,1207,1168,1471,1406,1194,1141,1014,1138,1212
Wandsworth,Criminal Damage,Criminal Damage To Dwelling,859,711,728,546,455,428,396,410,396,446,379
Wandsworth,Criminal Damage,Criminal Damage To Motor Vehicle,1290,1318,1139,1011,893,775,733,800,770,845,656
Wandsworth,Criminal Damage,Criminal Damage To Other Building,299,284,254,232,236,238,189,189,197,177,175
Wandsworth,Criminal Damage,Other Criminal Damage,518,547,530,421,456,371,433,550,483,552,573
Wandsworth,Drugs,Drug Trafficking,105,89,121,72,118,95,173,72,182,250,66
Wandsworth,Drugs,Other Drugs,8,7,7,5,4,18,3,11,11,6,3
Wandsworth,Drugs,Possession Of Drugs,1301,1428,1254,1002,979,993,740,653,713,623,628
Wandsworth,Fraud or Forgery,Counted per Victim,683,561,684,481,586,54,0,0,0,0,0
Wandsworth,Fraud or Forgery,Other Fraud & Forgery,248,315,275,296,455,68,25,25,35,41,42
Wandsworth,Other Notifiable Offences,Going Equipped,37,16,15,27,14,24,21,29,21,19,16
Wandsworth,Other Notifiable Offences,Other Notifiable,265,336,320,250,315,319,370,489,418,420,531
Wandsworth,Robbery,Business Property,121,174,168,138,119,96,53,62,61,52,80
Wandsworth,Robbery,Personal Property,1002,1089,1108,1171,1119,888,561,395,555,711,783
Wandsworth,Sexual Offences,Other Sexual,256,232,269,230,214,258,276,407,418,474,452
Wandsworth,Sexual Offences,Rape,96,89,100,98,114,120,152,166,235,252,258
Wandsworth,Theft and Handling,Handling Stolen Goods,128,60,58,81,71,79,66,45,32,42,30
Wandsworth,Theft and Handling,Motor Vehicle Interference & Tampering,155,132,122,128,218,184,361,399,516,0,0
Wandsworth,Theft and Handling,Other Theft,3484,3302,3193,2995,3927,3564,3279,3509,3420,3174,3153
Wandsworth,Theft and Handling,Other Theft Person,661,652,619,646,1458,1365,684,682,702,679,753
Wandsworth,Theft and Handling,Theft From Motor Vehicle,2888,2513,2619,2838,3018,2649,2178,1701,2382,2245,2338
Wandsworth,Theft and Handling,Theft From Shops,1039,1136,1304,1204,1197,1060,1323,1441,1554,1435,1332
Wandsworth,Theft and Handling,Theft/Taking Of Motor Vehicle,1162,987,961,869,1135,837,969,994,1308,1133,1092
Wandsworth,Theft and Handling,Theft/Taking of Pedal Cycle,1029,1283,1293,1363,1443,1420,881,805,995,1251,982
Wandsworth,Violence Against the Person,Assault with Injury,2036,2132,1796,1406,1263,1038,1319,1594,1409,1560,1672
Wandsworth,Violence Against the Person,Common Assault,1482,1590,1672,1359,1297,1209,1644,2110,2094,2249,2347
Wandsworth,Violence Against the Person,Grievous Bodily Harm,112,279,120,0,0,0,0,0,0,0,0
Wandsworth,Violence Against the Person,Harassment,993,1026,1167,924,1183,1122,1561,2218,2330,2529,2809
Wandsworth,Violence Against the Person,Murder,4,6,1,4,6,6,3,2,3,6,6
Wandsworth,Violence Against the Person,Offensive Weapon,156,98,92,89,59,100,81,123,122,176,189
Wandsworth,Violence Against the Person,Other violence,204,167,179,180,209,225,237,263,269,371,375
Wandsworth,Violence Against the Person,Wounding/GBH,113,0,62,152,155,369,609,694,697,675,753
Westminster,Burglary,Burglary in a Dwelling,1476,1397,1234,1247,1739,1553,1431,1408,1280,1526,1797
Westminster,Burglary,Burglary in Other Buildings,2158,2266,2038,2079,2356,2366,2008,1753,1948,2464,2968
Westminster,Criminal Damage,Criminal Damage To Dwelling,492,599,538,413,359,321,324,320,365,331,340
Westminster,Criminal Damage,Criminal Damage To Motor Vehicle,1250,1058,1019,938,916,866,687,727,787,736,756
Westminster,Criminal Damage,Criminal Damage To Other Building,577,613,590,547,453,457,425,431,394,403,392
Westminster,Criminal Damage,Other Criminal Damage,896,875,764,672,552,462,593,613,652,777,826
Westminster,Drugs,Drug Trafficking,352,204,298,176,263,262,249,166,120,141,72
Westminster,Drugs,Other Drugs,77,64,73,29,32,28,10,12,13,15,13
Westminster,Drugs,Possession Of Drugs,5098,4859,5543,6580,4681,4156,2750,2009,2017,2195,1809
Westminster,Fraud or Forgery,Counted per Victim,1161,1076,1221,1274,1549,107,0,0,0,0,0
Westminster,Fraud or Forgery,Other Fraud & Forgery,1095,1034,1105,894,905,150,82,74,88,111,77
Westminster,Other Notifiable Offences,Going Equipped,54,88,84,61,47,41,37,30,23,36,36
Westminster,Other Notifiable Offences,Other Notifiable,793,757,808,768,716,825,857,763,756,805,763
Westminster,Robbery,Business Property,68,88,86,77,85,80,112,90,77,112,135
Westminster,Robbery,Personal Property,1679,1688,1691,2142,2311,2179,1886,1457,1780,2280,3041
Westminster,Sexual Offences,Other Sexual,454,414,407,444,364,405,509,583,619,655,729
Westminster,Sexual Offences,Rape,90,106,133,132,171,162,239,246,306,399,530
Westminster,Theft and Handling,Handling Stolen Goods,171,193,152,158,133,116,87,90,90,89,77
Westminster,Theft and Handling,Motor Vehicle Interference & Tampering,39,30,38,39,127,150,332,347,431,0,0
Westminster,Theft and Handling,Other Theft,21097,20369,20023,21080,19825,16757,13890,13661,12262,12586,15104
Westminster,Theft and Handling,Other Theft Person,5383,6392,6582,8467,9514,8584,5958,6170,6061,8766,10543
Westminster,Theft and Handling,Theft From Motor Vehicle,3526,2571,2543,2627,2536,2730,2207,1966,2507,2886,3031
Westminster,Theft and Handling,Theft From Shops,4704,5711,5260,4643,4385,3961,3795,3950,4187,4655,4461
Westminster,Theft and Handling,Theft/Taking Of Motor Vehicle,719,553,665,544,589,654,819,862,1074,976,745
Westminster,Theft and Handling,Theft/Taking of Pedal Cycle,1441,2062,1896,1764,1701,1326,1357,1201,1204,1232,1275
Westminster,Violence Against the Person,Assault with Injury,2902,2950,2950,3077,2514,1884,2065,2127,2173,2331,2328
Westminster,Violence Against the Person,Common Assault,1679,1906,2137,2180,1931,1884,2468,3132,3430,3886,4095
Westminster,Violence Against the Person,Grievous Bodily Harm,251,533,279,0,0,0,0,0,0,0,0
Westminster,Violence Against the Person,Harassment,2605,2708,2475,2209,2102,1921,2327,3009,3550,4359,4689
Westminster,Violence Against the Person,Murder,5,3,2,1,4,5,3,5,2,10,1
Westminster,Violence Against the Person,Offensive Weapon,338,250,210,217,150,186,202,196,270,360,379
Westminster,Violence Against the Person,Other violence,456,439,474,405,292,311,362,453,586,833,744
Westminster,Violence Against the Person,Wounding/GBH,237,0,208,466,334,833,1154,1173,1160,1261,1239
